Distrito,Desempleo_Pct,Pobreza_Pct,Iluminacion_Publica,Presencia_Policial,Camaras_Vigilancia,Pandillaje_Indice,Trafico_Drogas_Indice,Violencia_Familiar_Pct,Informalidad_Laboral_Pct,Abandono_Escolar_Pct,Percepcion_Inseguridad,Hora_Evento,Tipo_Evento
San Martín de Porres,16.54,12.34,86.78,3.19,82,1.0,4.59,11.34,30.0,13.37,1.51,23,Microcomercializacion Drogas
Villa María del Triunfo,3.01,44.69,77.05,3.25,88,2.91,6.12,5.91,40.45,7.96,5.1,14,Asalto
San Martín de Porres,19.71,23.67,91.6,3.56,72,0.65,9.49,29.04,76.59,6.79,1.88,19,Hurto
San Martín de Porres,13.37,38.33,50.4,2.26,49,6.63,3.12,16.56,58.27,4.51,9.73,11,Homicidio
Ate,13.16,41.87,45.31,1.38,61,3.25,3.89,9.6,78.01,7.78,3.53,12,Robo
San Juan de Lurigancho,3.27,21.94,63.69,1.82,62,8.15,7.07,22.41,73.99,2.41,4.23,8,Homicidio
Callao,13.6,18.24,43.81,1.9,87,6.66,5.91,9.69,59.29,8.28,9.75,2,Pandillaje
Cercado de Lima,7.01,15.24,42.43,3.7,89,0.25,1.08,2.88,64.55,6.97,5.58,4,Robo
Ate,19.03,28.95,81.69,4.46,41,8.08,6.33,26.4,76.26,4.54,9.03,10,Hurto
San Martín de Porres,18.23,17.72,46.6,1.53,61,0.01,3.53,10.53,31.53,11.15,5.36,0,Robo
Independencia,19.03,17.93,71.13,3.66,61,9.72,9.62,9.05,54.81,6.72,3.56,16,Hurto
Comas,11.55,7.06,56.72,4.59,18,6.81,5.31,14.54,58.7,12.26,1.73,23,Hurto
Villa María del Triunfo,9.25,30.29,78.01,2.91,15,8.35,3.21,7.22,22.85,12.23,7.1,18,Pandillaje
Los Olivos,8.93,8.85,96.43,2.29,38,9.37,1.38,11.55,27.94,18.57,8.9,2,Hurto
Cercado de Lima,19.7,25.67,55.65,4.98,11,5.58,8.83,7.28,39.52,14.31,8.62,19,Microcomercializacion Drogas
Independencia,18.09,39.04,96.14,4.03,83,5.81,3.72,28.32,88.16,6.39,3.75,1,Violencia Familiar
Callao,5.99,5.72,69.63,1.3,7,8.49,6.58,17.91,26.56,7.99,3.39,13,Pandillaje
Villa María del Triunfo,9.68,40.68,77.87,4.08,29,6.45,6.69,26.2,36.11,10.48,6.15,16,Robo
Villa El Salvador,18.02,34.91,97.18,1.99,45,9.67,9.64,25.88,40.61,8.32,8.66,2,Robo
Callao,9.71,38.77,95.8,0.82,31,6.71,3.59,9.12,40.67,7.13,8.64,8,Violencia Familiar
San Martín de Porres,7.99,37.37,88.61,4.4,12,0.82,0.05,19.58,33.6,2.35,4.57,13,Homicidio
San Martín de Porres,3.47,28.15,66.31,3.52,50,4.66,5.43,10.02,61.36,1.58,1.34,5,Hurto
Villa El Salvador,11.88,35.8,52.95,3.3,67,8.42,1.94,13.52,68.97,3.63,2.19,17,Asalto
Los Olivos,16.52,15.83,66.34,0.85,89,9.63,8.36,21.49,48.63,4.29,2.41,1,Hurto
Villa María del Triunfo,15.15,31.41,56.8,4.8,63,5.54,6.12,13.75,37.34,7.76,7.82,13,Robo
San Juan de Lurigancho,8.29,44.18,50.52,0.58,89,4.92,4.73,6.85,50.37,8.57,6.54,4,Microcomercializacion Drogas
Ate,9.37,30.03,70.19,4.35,68,6.84,6.16,28.43,86.1,17.48,6.73,19,Violencia Familiar
Comas,12.75,10.14,88.67,4.19,11,3.86,9.61,27.35,33.71,2.32,1.91,1,Robo
Comas,14.61,7.85,59.14,4.3,89,3.41,2.61,15.89,68.5,7.62,9.43,23,Pandillaje
Villa El Salvador,19.45,26.92,65.41,3.06,98,9.91,4.13,12.42,74.35,7.48,9.38,4,Robo
San Martín de Porres,15.76,35.18,46.19,4.56,61,4.97,3.9,10.33,27.0,2.02,9.63,18,Robo
San Martín de Porres,19.27,32.07,68.95,2.72,15,4.48,2.93,11.2,67.08,15.3,8.12,6,Robo
Cercado de Lima,19.56,44.84,43.35,3.82,92,3.51,1.17,6.0,73.31,12.75,1.91,6,Hurto
Independencia,4.24,37.87,82.37,0.87,36,2.33,5.81,26.17,81.63,5.5,9.17,12,Pandillaje
Villa María del Triunfo,15.04,24.27,62.68,3.67,73,9.06,1.11,15.79,20.79,9.9,1.51,7,Robo
Callao,15.65,32.24,54.25,2.3,24,8.69,2.24,28.97,20.85,19.43,1.39,20,Robo
Villa El Salvador,19.88,7.95,73.23,4.86,17,1.66,2.17,10.25,89.71,14.24,4.46,22,Robo
Cercado de Lima,19.16,40.61,67.34,3.29,7,1.7,6.47,12.87,36.06,6.05,4.24,3,Homicidio
Villa María del Triunfo,3.55,16.19,64.67,3.21,28,1.33,0.76,28.33,49.16,12.04,9.27,9,Homicidio
Comas,12.38,11.59,64.68,4.0,17,9.87,1.5,18.64,46.66,19.43,8.58,12,Robo
Callao,10.05,15.94,43.38,4.39,80,5.34,7.5,27.57,60.96,14.8,7.81,18,Asalto
Callao,5.2,43.16,76.37,1.53,31,0.47,2.69,2.62,54.87,10.05,8.48,17,Pandillaje
Villa María del Triunfo,19.46,8.54,87.51,3.15,46,4.21,7.85,19.9,76.35,18.16,6.56,1,Asalto
Comas,13.82,27.19,45.46,3.77,37,4.51,9.1,10.34,56.65,14.26,8.17,9,Homicidio
Cercado de Lima,16.07,7.65,42.75,3.29,65,3.29,6.33,8.72,25.31,3.45,2.15,10,Robo
Independencia,6.06,32.86,64.7,4.43,26,6.68,1.72,7.38,22.86,4.21,3.51,21,Robo
San Juan de Lurigancho,12.09,19.24,93.65,1.08,89,6.9,0.39,24.38,63.95,2.55,8.86,15,Robo
Cercado de Lima,17.76,8.38,75.84,4.94,46,3.7,4.85,19.31,45.82,9.79,7.73,13,Robo
Los Olivos,15.13,40.81,70.7,2.89,17,4.47,5.33,8.79,38.85,8.17,1.18,16,Robo
Cercado de Lima,12.1,14.33,60.58,2.63,9,7.89,4.98,4.43,57.6,12.15,7.71,16,Violencia Familiar
Cercado de Lima,7.82,19.52,78.76,3.07,55,4.98,3.3,28.14,20.53,5.28,4.29,15,Hurto
Independencia,18.25,8.21,71.47,2.35,35,9.97,8.97,18.13,84.22,1.1,9.78,23,Microcomercializacion Drogas
Callao,15.21,26.4,68.6,4.27,4,1.87,3.24,13.91,55.53,5.61,2.03,13,Hurto
Villa El Salvador,11.6,42.28,59.24,3.17,5,3.37,1.34,3.77,89.3,7.12,8.29,0,Robo
Callao,15.92,28.83,68.29,2.35,93,1.07,8.51,22.89,48.6,18.73,9.92,1,Robo
Los Olivos,18.75,33.86,42.89,4.02,10,7.95,2.02,6.58,31.5,16.48,6.99,3,Hurto
Cercado de Lima,9.67,37.66,66.35,2.2,50,6.24,5.4,14.28,60.42,7.75,4.52,1,Asalto
Independencia,6.89,26.71,65.89,2.0,50,3.35,1.39,24.23,63.41,11.14,9.05,3,Homicidio
Callao,8.3,14.94,84.64,0.65,85,7.14,4.94,23.13,27.2,11.19,4.41,12,Robo
Independencia,11.54,26.59,69.18,2.34,44,7.2,6.41,21.43,57.99,5.78,4.11,10,Homicidio
Independencia,12.92,21.03,67.72,4.76,11,9.12,1.39,4.82,37.92,14.8,6.34,11,Asalto
Ate,16.43,5.92,79.08,3.97,30,6.07,4.24,22.62,85.41,18.59,5.06,13,Hurto
Cercado de Lima,17.26,9.99,95.25,4.41,54,2.27,6.08,12.62,72.1,4.91,8.09,8,Robo
Ate,12.14,41.79,60.78,2.06,33,9.18,5.87,2.92,83.89,5.72,6.2,19,Hurto
Independencia,8.3,36.22,56.66,1.49,84,5.15,9.76,14.85,59.01,17.35,5.82,7,Asalto
San Juan de Lurigancho,8.27,20.89,65.61,4.1,61,2.05,1.91,3.02,53.04,11.73,1.59,13,Pandillaje
Comas,11.91,22.63,64.05,3.02,62,1.03,3.34,4.11,72.73,6.17,9.08,1,Hurto
San Martín de Porres,19.64,38.59,92.02,2.34,56,2.22,2.31,20.81,21.38,2.98,8.2,2,Homicidio
Independencia,4.69,14.73,83.34,4.35,15,3.97,6.68,7.74,40.52,18.03,1.12,6,Microcomercializacion Drogas
Villa El Salvador,3.45,12.26,74.98,2.4,1,9.11,6.25,11.4,77.76,7.9,1.31,19,Pandillaje
Villa María del Triunfo,16.16,19.51,91.66,1.49,85,7.8,1.14,17.84,88.98,9.95,2.64,17,Robo
Callao,12.21,30.34,55.47,1.13,3,1.32,9.01,21.35,67.82,16.63,5.77,9,Violencia Familiar
Villa María del Triunfo,4.14,21.21,69.85,3.74,85,1.37,9.0,26.47,61.82,12.41,6.99,6,Violencia Familiar
San Juan de Lurigancho,10.12,20.33,71.14,0.71,53,7.38,0.83,18.89,37.17,8.4,3.6,3,Pandillaje
San Martín de Porres,13.38,42.97,63.8,4.79,21,7.33,2.15,2.87,38.36,12.31,1.46,12,Robo
Callao,16.11,9.26,44.51,3.78,88,7.05,5.98,14.87,25.32,2.48,1.02,18,Hurto
Comas,4.75,17.58,88.45,4.83,16,9.5,4.46,7.18,57.93,17.59,7.59,20,Pandillaje
Villa El Salvador,14.77,38.97,54.98,2.7,14,6.93,0.52,20.76,23.09,12.18,9.99,20,Asalto
San Martín de Porres,3.58,32.9,57.84,4.66,58,9.44,4.74,26.14,79.12,7.06,8.46,16,Pandillaje
Independencia,6.91,9.82,44.62,3.63,39,4.41,4.04,18.03,76.28,11.23,6.95,12,Pandillaje
Cercado de Lima,17.9,21.7,67.72,4.96,12,5.29,9.39,24.37,89.86,7.66,7.9,20,Violencia Familiar
Independencia,7.62,20.93,45.5,2.01,83,7.38,2.39,5.09,44.82,6.46,3.67,4,Robo
San Juan de Lurigancho,18.48,6.8,46.57,2.26,67,2.18,9.5,24.02,26.26,8.93,8.91,13,Violencia Familiar
Comas,5.84,44.65,53.9,4.74,62,2.31,8.31,5.37,23.29,8.3,1.33,2,Microcomercializacion Drogas
Villa El Salvador,3.98,43.76,93.03,4.67,60,2.6,5.15,15.75,89.74,18.05,5.17,12,Hurto
Callao,13.08,28.2,45.49,4.45,66,2.73,4.77,3.24,79.65,1.67,3.96,4,Violencia Familiar
Comas,9.94,19.91,55.59,3.76,89,5.33,9.62,5.07,82.61,19.84,1.55,12,Violencia Familiar
Los Olivos,17.02,18.91,80.68,3.05,32,8.79,7.97,20.44,79.54,17.48,7.38,10,Hurto
Villa El Salvador,14.56,29.74,85.16,1.21,44,8.72,0.29,25.12,29.02,7.37,7.69,17,Pandillaje
San Martín de Porres,6.28,8.36,59.59,3.02,94,3.77,0.09,24.92,28.99,6.38,1.17,8,Homicidio
Villa El Salvador,4.74,42.49,81.27,0.81,90,1.66,7.71,21.84,53.15,2.1,1.67,17,Homicidio
Ate,14.01,28.78,63.02,0.8,32,3.24,4.89,23.57,67.83,9.47,3.46,3,Asalto
Callao,5.78,36.79,81.62,1.49,1,7.73,2.3,5.68,80.76,19.3,1.28,20,Microcomercializacion Drogas
Villa El Salvador,13.85,20.9,56.45,4.93,0,3.21,7.24,22.88,34.03,17.49,7.43,17,Homicidio
Independencia,5.71,13.15,45.47,1.19,26,8.45,7.61,19.53,29.19,1.62,9.29,2,Hurto
Callao,3.02,28.93,76.44,1.61,8,2.01,4.92,3.8,60.74,6.11,8.18,10,Homicidio
San Juan de Lurigancho,3.2,7.9,63.55,2.66,94,7.22,6.57,23.2,86.69,18.25,7.52,18,Hurto
San Juan de Lurigancho,4.75,27.84,41.1,2.67,91,7.02,5.6,2.27,42.85,10.84,1.79,12,Robo
Ate,9.08,17.88,98.65,1.4,14,2.0,1.67,4.93,64.55,14.42,1.28,5,Violencia Familiar
Callao,15.05,39.84,82.85,4.11,61,6.12,4.84,20.5,58.71,12.35,8.05,2,Robo
Cercado de Lima,10.46,33.99,75.6,3.43,24,8.72,2.19,29.32,43.58,4.46,8.11,22,Robo
Comas,3.35,31.13,59.94,2.94,58,6.5,2.0,21.05,25.05,1.58,3.32,11,Robo
Villa El Salvador,15.36,34.71,65.53,2.06,19,5.05,5.43,16.39,61.16,1.56,4.56,3,Microcomercializacion Drogas
Comas,16.48,31.2,99.53,1.78,11,3.84,4.66,25.41,36.51,15.74,4.65,22,Violencia Familiar
Comas,6.08,39.18,69.54,1.61,59,4.05,5.93,18.22,66.38,2.81,6.87,1,Microcomercializacion Drogas
Villa El Salvador,8.53,35.94,47.85,4.86,46,2.35,8.84,14.38,43.16,9.53,7.02,8,Asalto
Ate,12.99,42.94,55.15,2.12,27,0.37,7.36,20.59,53.22,17.04,8.25,14,Microcomercializacion Drogas
Ate,7.59,7.28,71.87,4.71,28,6.4,2.25,7.04,26.2,2.96,6.26,11,Robo
Villa El Salvador,11.16,32.44,41.04,1.95,28,8.68,4.55,16.44,54.22,13.67,2.26,12,Robo
Comas,6.43,31.94,98.19,0.92,7,1.56,2.35,28.97,37.87,13.57,9.81,10,Violencia Familiar
Comas,7.15,38.24,91.88,3.96,90,9.31,6.9,20.94,35.1,13.52,4.54,4,Violencia Familiar
Comas,19.99,6.93,98.63,2.33,47,7.52,0.9,10.08,27.64,13.36,7.89,3,Pandillaje
Villa María del Triunfo,18.32,40.12,59.03,4.41,0,1.2,5.44,2.16,42.72,7.96,4.57,20,Hurto
Callao,13.14,26.83,66.67,0.57,10,6.03,6.68,19.35,52.44,8.22,8.77,15,Microcomercializacion Drogas
Villa El Salvador,16.83,9.36,48.94,2.87,78,5.34,6.08,23.42,76.91,14.64,9.6,12,Homicidio
San Martín de Porres,18.24,7.85,97.28,3.45,50,0.6,9.34,11.85,27.1,10.23,3.31,19,Pandillaje
Los Olivos,12.88,8.59,83.06,2.3,76,4.14,1.22,7.07,67.68,4.45,5.73,6,Hurto
San Juan de Lurigancho,12.64,15.26,97.78,2.68,6,8.16,3.74,16.74,27.86,1.05,6.74,20,Homicidio
Callao,16.49,30.86,50.49,2.12,41,9.0,3.53,8.63,74.64,6.22,8.4,6,Violencia Familiar
Comas,16.03,10.99,65.44,1.19,48,7.37,8.63,8.07,26.7,1.45,6.78,6,Violencia Familiar
Cercado de Lima,7.37,30.28,43.51,1.14,63,1.36,6.95,13.32,49.97,14.63,7.23,6,Hurto
Los Olivos,13.25,18.49,94.33,3.98,35,0.86,8.94,7.37,42.64,5.31,4.19,3,Asalto
Comas,14.38,7.8,78.41,1.72,71,6.51,5.33,11.08,43.31,13.72,9.95,1,Asalto
Los Olivos,15.42,23.61,43.61,3.03,35,9.62,6.35,23.14,31.93,8.78,4.8,22,Pandillaje
San Juan de Lurigancho,8.11,44.25,68.49,2.22,22,3.99,1.52,29.79,84.89,11.26,8.58,20,Robo
Villa María del Triunfo,4.52,35.21,47.66,4.22,37,1.59,0.63,5.29,35.92,7.49,4.43,1,Microcomercializacion Drogas
Callao,11.67,38.01,56.78,4.74,81,5.16,9.19,15.91,89.45,17.18,2.88,14,Asalto
Villa María del Triunfo,16.9,20.22,92.68,4.41,5,1.41,2.12,24.92,42.58,1.43,2.38,2,Hurto
Ate,12.74,42.31,74.51,2.66,32,9.23,4.87,18.98,73.54,4.32,5.52,8,Microcomercializacion Drogas
Villa El Salvador,5.07,24.13,70.37,1.55,44,5.5,9.66,14.11,41.83,10.62,4.96,5,Robo
Comas,14.05,11.08,43.68,4.01,9,2.12,4.85,23.12,63.36,6.65,4.87,8,Robo
Callao,16.31,15.62,50.67,3.61,96,5.09,9.97,24.79,63.07,6.82,6.62,5,Violencia Familiar
Villa El Salvador,18.07,22.99,51.68,2.15,91,4.82,1.77,12.84,87.47,5.72,2.2,20,Robo
Villa El Salvador,15.92,10.48,72.12,1.47,84,8.34,6.29,7.57,24.52,1.81,4.34,16,Violencia Familiar
Villa El Salvador,17.35,8.92,69.29,1.18,51,2.43,6.52,24.7,62.99,17.33,4.53,9,Homicidio
Callao,4.74,31.35,96.57,4.14,47,2.55,8.41,3.08,83.12,9.77,6.73,1,Hurto
Villa María del Triunfo,13.82,29.56,44.0,2.83,82,1.06,9.88,14.41,23.35,1.72,7.72,0,Robo
Independencia,4.79,6.42,70.51,2.24,30,2.97,3.5,23.69,66.3,4.52,2.57,4,Violencia Familiar
Villa María del Triunfo,15.99,15.6,41.26,0.87,91,8.99,7.82,8.38,88.32,13.68,1.09,3,Pandillaje
Callao,13.95,26.21,42.52,4.86,20,1.25,4.74,5.19,54.02,18.49,5.69,1,Robo
San Juan de Lurigancho,18.78,13.98,62.33,2.44,88,1.64,2.74,27.99,67.32,10.42,1.11,20,Hurto
San Martín de Porres,17.95,15.34,72.64,3.36,20,9.78,7.48,17.62,32.64,2.02,3.88,21,Homicidio
Villa María del Triunfo,12.17,34.12,46.48,3.58,51,8.18,2.14,16.16,78.85,14.92,5.88,0,Asalto
Villa María del Triunfo,12.61,32.56,92.4,3.36,7,4.62,0.09,8.91,70.85,19.84,1.89,9,Violencia Familiar
Callao,12.44,34.32,76.96,1.35,40,3.75,5.39,16.68,79.36,16.96,8.49,13,Robo
Comas,15.9,32.14,85.38,4.29,69,8.77,9.96,12.31,51.4,14.72,8.98,2,Robo
Villa María del Triunfo,10.01,32.82,40.19,3.29,3,1.81,3.88,13.27,81.2,10.69,7.51,4,Violencia Familiar
San Martín de Porres,14.95,7.11,69.2,3.2,18,2.7,8.25,15.95,25.39,2.11,4.01,5,Hurto
Ate,11.79,22.61,48.85,1.98,54,2.36,3.71,3.75,76.1,15.57,7.6,21,Violencia Familiar
San Juan de Lurigancho,13.84,24.85,50.7,3.59,46,8.4,3.84,18.01,61.14,4.51,4.26,17,Robo
San Juan de Lurigancho,12.96,28.46,81.86,4.68,50,9.41,2.59,14.03,81.09,17.0,2.67,16,Asalto
Villa El Salvador,15.0,30.25,42.99,4.57,34,4.37,7.3,23.43,31.12,12.59,2.22,19,Violencia Familiar
Ate,3.23,16.31,42.68,0.66,6,2.47,9.06,8.99,39.04,15.43,5.05,12,Hurto
Callao,11.29,6.34,43.76,4.58,56,3.46,3.15,23.61,26.05,5.5,7.59,10,Homicidio
San Martín de Porres,9.69,38.11,87.26,3.31,36,9.81,2.57,20.32,33.87,11.74,5.18,20,Violencia Familiar
Callao,6.11,5.88,83.2,2.38,70,6.84,5.45,29.45,35.92,8.68,5.88,6,Microcomercializacion Drogas
San Juan de Lurigancho,13.42,14.05,90.82,2.43,4,9.46,8.5,20.73,52.36,8.82,6.86,21,Hurto
Independencia,4.9,19.24,98.68,4.07,48,2.01,2.59,6.61,43.12,15.38,5.67,23,Robo
Villa María del Triunfo,5.75,15.22,96.8,3.02,27,7.72,0.27,3.83,52.48,18.28,5.85,19,Pandillaje
San Martín de Porres,14.17,37.88,62.83,3.99,50,1.96,1.87,4.63,44.97,15.39,3.49,7,Pandillaje
Independencia,11.84,22.9,73.47,1.25,79,8.57,9.06,9.75,88.85,3.67,2.82,7,Homicidio
Villa El Salvador,10.49,29.61,45.01,4.47,11,7.4,3.2,29.68,53.98,3.33,7.53,1,Robo
Villa María del Triunfo,19.66,31.25,47.79,3.59,2,5.27,7.19,26.93,25.56,14.9,2.69,8,Microcomercializacion Drogas
Comas,4.88,35.38,99.28,4.56,72,3.58,4.94,25.19,43.46,4.3,7.41,23,Robo
San Juan de Lurigancho,7.08,10.68,60.88,2.53,57,6.14,4.36,18.16,71.66,16.32,8.59,2,Robo
Comas,8.53,32.45,44.18,1.29,72,6.55,9.92,4.03,25.4,7.47,8.8,14,Hurto
Villa El Salvador,3.56,17.16,79.19,4.72,75,2.33,8.07,3.65,82.92,13.36,8.87,22,Robo
Comas,10.6,23.41,91.87,2.96,34,4.13,8.02,15.41,21.26,9.01,1.24,5,Hurto
Callao,7.97,41.43,85.24,4.12,83,9.82,6.21,17.66,63.98,11.12,6.72,19,Robo
Villa María del Triunfo,5.04,7.73,55.8,0.71,32,4.69,3.01,18.75,40.81,6.7,7.69,3,Robo
Independencia,17.91,18.22,60.42,4.95,54,5.31,8.38,9.99,50.04,6.09,8.1,20,Violencia Familiar
Villa El Salvador,7.29,13.81,69.3,3.82,72,9.1,6.69,25.22,81.53,11.86,5.66,14,Robo
Villa María del Triunfo,10.39,35.96,76.12,4.52,92,1.71,9.48,14.47,75.22,13.15,7.09,3,Hurto
Los Olivos,14.09,43.02,76.04,3.85,0,2.69,4.07,26.96,20.2,1.76,6.44,7,Hurto
Cercado de Lima,19.52,18.25,68.92,1.38,34,4.47,4.74,18.54,57.59,17.23,1.45,7,Robo
San Juan de Lurigancho,8.76,37.1,74.32,2.81,53,9.32,3.97,4.44,63.19,3.16,4.11,6,Asalto
San Martín de Porres,11.39,33.09,99.57,1.09,45,1.65,3.9,22.44,81.76,13.75,3.32,15,Hurto
Cercado de Lima,19.24,37.85,40.09,3.36,86,7.18,8.3,3.14,81.01,5.88,6.99,0,Hurto
Comas,4.57,28.85,72.98,4.55,75,0.8,3.55,28.37,66.8,13.89,4.26,10,Violencia Familiar
Comas,5.36,9.63,49.26,1.27,69,1.21,9.02,3.86,57.38,3.7,1.11,11,Hurto
San Juan de Lurigancho,4.43,20.97,94.61,4.14,94,4.67,8.17,3.89,47.12,17.18,4.64,12,Hurto
Villa El Salvador,17.65,28.61,53.58,2.23,66,8.58,9.17,14.07,42.32,12.06,4.34,21,Pandillaje
San Juan de Lurigancho,11.94,25.47,49.94,3.41,36,8.9,3.46,6.32,21.78,13.27,6.73,10,Hurto
San Juan de Lurigancho,4.72,38.89,71.87,4.29,55,9.88,4.54,21.27,29.84,10.23,1.25,2,Homicidio
Ate,4.69,13.35,95.54,2.36,50,0.23,7.56,14.84,40.25,18.1,2.05,9,Violencia Familiar
Los Olivos,18.1,29.12,89.6,4.93,76,6.07,1.52,2.87,87.95,15.7,9.82,8,Asalto
Comas,5.86,14.88,90.31,2.1,97,2.59,1.95,3.61,43.97,6.13,9.7,6,Asalto
San Juan de Lurigancho,12.87,10.57,66.64,3.32,10,2.07,7.82,22.57,41.03,7.19,8.13,18,Hurto
Villa El Salvador,5.52,39.1,82.65,4.58,63,5.93,5.99,11.9,52.09,1.72,7.71,6,Robo
San Juan de Lurigancho,14.57,23.67,42.07,4.86,18,5.13,0.94,23.13,54.44,6.75,5.42,10,Hurto
Independencia,10.5,29.23,95.12,2.13,80,8.66,9.81,13.41,77.93,15.53,6.16,12,Asalto
Callao,4.01,5.13,78.41,1.84,71,0.62,8.83,14.55,55.73,12.91,9.34,15,Microcomercializacion Drogas
Villa María del Triunfo,14.69,33.91,81.55,1.1,20,3.59,8.04,9.81,34.75,19.19,1.08,18,Robo
Cercado de Lima,17.08,16.78,40.86,3.82,24,6.33,0.69,2.16,85.6,16.62,8.28,0,Pandillaje
Comas,4.77,20.96,83.39,1.76,3,4.07,0.66,11.77,27.77,16.36,9.53,1,Robo
Los Olivos,11.88,16.98,44.61,2.75,15,4.78,1.45,21.88,66.68,5.01,8.77,2,Microcomercializacion Drogas
Independencia,9.89,41.24,59.29,2.64,64,5.49,2.19,2.94,35.02,8.91,7.84,16,Asalto
Cercado de Lima,12.96,29.99,44.31,3.57,13,4.63,2.35,10.49,40.3,11.7,2.08,22,Violencia Familiar
San Martín de Porres,5.7,40.28,89.43,3.75,75,4.02,1.03,7.29,74.81,14.59,6.34,16,Robo
Comas,10.94,18.61,96.43,0.87,27,1.02,3.6,9.57,78.99,6.95,8.1,14,Homicidio
Los Olivos,18.47,20.09,97.84,0.9,57,0.42,5.65,28.04,79.1,13.84,2.25,20,Pandillaje
Villa El Salvador,19.42,35.44,97.05,3.66,93,2.69,4.75,19.76,89.96,2.99,5.49,6,Asalto
Callao,11.09,9.44,78.07,3.97,70,7.68,4.17,25.02,79.52,5.03,6.92,10,Microcomercializacion Drogas
Villa María del Triunfo,6.67,32.11,76.47,1.83,87,9.31,1.26,22.64,88.22,1.99,7.14,21,Robo
Ate,4.45,6.72,80.01,4.2,53,5.16,2.68,25.39,21.03,8.2,4.04,21,Microcomercializacion Drogas
Cercado de Lima,3.53,34.45,59.81,4.58,23,7.25,8.78,3.17,47.84,15.48,5.09,15,Microcomercializacion Drogas
Independencia,5.24,39.29,74.52,0.84,46,8.07,1.2,9.44,21.23,6.57,7.96,6,Hurto
Villa El Salvador,13.99,43.97,90.82,0.61,74,8.3,6.06,10.15,34.5,3.89,9.1,8,Homicidio
Comas,11.23,34.9,68.43,0.76,89,9.9,2.39,16.86,65.57,13.25,6.05,21,Hurto
Cercado de Lima,6.33,10.63,77.34,4.02,44,2.76,9.82,16.76,83.45,4.11,6.79,0,Violencia Familiar
Ate,8.73,34.0,72.33,0.77,45,0.62,1.47,2.22,64.16,9.51,2.21,17,Robo
Comas,7.11,25.02,80.78,0.84,37,9.29,7.61,17.31,32.62,9.71,6.05,5,Asalto
San Juan de Lurigancho,5.33,44.8,71.63,2.26,69,1.09,6.37,15.95,48.47,19.11,5.7,11,Hurto
Callao,18.63,12.04,52.84,0.56,5,1.9,7.93,27.42,86.06,19.24,5.69,1,Homicidio
Independencia,5.75,24.08,83.1,1.61,64,4.58,7.81,28.88,73.45,17.25,6.43,4,Robo
Villa El Salvador,9.41,27.08,88.29,0.71,41,3.22,8.48,22.41,26.68,9.15,1.26,2,Homicidio
Cercado de Lima,18.32,11.15,99.41,4.8,0,0.45,7.61,12.41,47.47,15.33,9.27,16,Violencia Familiar
Cercado de Lima,9.07,36.5,55.06,3.04,90,4.16,8.47,27.26,81.41,19.51,1.25,10,Microcomercializacion Drogas
Villa El Salvador,3.61,12.01,92.01,1.77,92,4.31,7.19,17.77,49.93,7.2,8.56,12,Violencia Familiar
San Martín de Porres,19.09,40.7,65.17,4.01,83,4.98,2.05,18.55,33.03,7.3,8.7,13,Robo
Ate,8.02,40.18,67.6,0.93,26,8.36,3.32,21.42,73.98,13.44,2.36,16,Violencia Familiar
Independencia,7.93,42.24,63.51,2.96,40,0.0,4.17,16.63,23.82,19.49,3.04,5,Robo
Ate,6.92,5.06,83.76,4.85,37,7.32,6.41,13.65,73.13,12.58,9.06,4,Microcomercializacion Drogas
Los Olivos,6.09,19.84,94.12,4.13,38,2.2,7.62,17.19,30.47,8.23,4.73,9,Microcomercializacion Drogas
Comas,16.27,28.35,97.13,0.69,16,6.02,2.97,22.0,73.13,2.95,5.62,18,Hurto
Callao,10.63,11.36,50.81,0.94,69,9.21,6.95,22.41,80.32,6.21,8.26,8,Asalto
Villa María del Triunfo,14.31,11.29,47.13,3.94,46,4.35,5.49,10.74,53.78,10.63,4.49,3,Asalto
Los Olivos,16.3,9.98,87.85,3.27,33,4.38,2.35,21.74,77.2,11.38,9.7,18,Violencia Familiar
Villa El Salvador,15.21,39.51,50.76,4.1,98,9.52,2.27,26.62,76.62,13.87,6.63,1,Homicidio
Los Olivos,11.53,7.84,58.77,4.71,15,9.82,6.28,8.93,31.4,4.55,1.18,20,Hurto
San Juan de Lurigancho,18.89,22.22,92.68,3.22,58,3.56,0.84,11.34,67.43,2.37,2.85,6,Homicidio
Ate,14.42,30.29,51.94,2.38,53,6.01,9.9,11.11,85.89,18.38,1.1,9,Robo
Villa María del Triunfo,12.31,44.16,73.33,1.35,83,4.23,3.47,13.13,38.5,4.9,5.35,15,Asalto
Independencia,14.16,43.74,76.22,0.85,28,9.26,0.68,14.05,68.71,9.7,1.83,1,Robo
Comas,14.96,19.93,73.82,2.53,95,6.1,3.13,9.59,61.84,17.46,9.52,9,Violencia Familiar
Villa María del Triunfo,18.96,5.27,86.34,3.31,29,6.8,4.08,2.43,60.8,5.81,5.05,0,Robo
Callao,17.28,12.54,80.35,4.9,16,4.98,7.43,11.16,82.3,2.6,8.26,14,Hurto
Callao,10.45,44.85,53.75,2.96,40,2.42,7.14,4.56,33.95,17.67,7.65,14,Robo
San Juan de Lurigancho,6.64,15.83,54.85,0.78,60,4.25,2.15,18.72,61.64,8.07,4.0,17,Microcomercializacion Drogas
Los Olivos,11.39,16.33,87.21,2.29,64,2.53,9.88,10.16,73.95,9.12,2.86,10,Violencia Familiar
San Juan de Lurigancho,17.71,41.61,91.59,0.66,58,4.54,6.3,8.95,69.38,9.12,4.98,10,Homicidio
Comas,17.02,16.7,66.64,0.6,3,5.9,4.08,15.15,21.98,4.99,3.53,2,Asalto
Comas,9.95,41.96,46.71,2.82,73,9.43,7.47,22.18,77.85,9.48,8.25,0,Hurto
Independencia,12.41,15.2,84.55,0.84,87,7.89,3.08,27.59,86.7,7.21,4.19,9,Hurto
San Juan de Lurigancho,8.42,41.14,44.66,4.23,38,1.94,8.59,20.95,78.65,17.32,7.74,21,Hurto
Villa El Salvador,9.99,33.88,63.09,2.7,44,1.65,0.02,22.12,71.27,10.78,2.45,0,Hurto
Cercado de Lima,17.99,9.86,78.08,3.12,33,5.19,6.08,8.87,24.04,8.43,3.11,14,Pandillaje
Independencia,13.48,27.28,64.95,2.43,18,6.79,4.12,23.1,34.26,7.22,5.92,0,Violencia Familiar
San Juan de Lurigancho,11.43,42.33,66.35,4.91,16,2.06,3.92,27.08,34.3,10.65,4.77,16,Violencia Familiar
Callao,14.45,21.32,93.14,1.5,25,2.53,0.1,22.26,57.5,16.89,8.39,15,Hurto
Los Olivos,7.85,26.26,70.63,4.19,40,8.83,4.66,4.12,47.15,16.27,9.12,15,Robo
Independencia,17.91,20.58,72.51,4.86,91,5.46,9.82,14.61,55.94,19.8,3.08,9,Hurto
Los Olivos,4.19,34.17,76.5,3.68,3,4.64,7.23,20.39,69.61,1.16,2.96,16,Asalto
Comas,16.14,26.94,43.99,3.95,57,7.82,7.52,24.48,56.26,3.67,7.04,11,Pandillaje
San Martín de Porres,14.26,18.88,63.45,1.21,15,7.59,5.97,20.32,82.24,12.0,6.69,9,Hurto
Villa María del Triunfo,9.57,28.54,51.12,3.2,1,4.25,9.08,16.2,33.15,2.46,7.27,11,Asalto
San Martín de Porres,14.21,36.85,56.32,3.62,66,9.39,6.36,11.09,38.87,4.63,7.25,12,Violencia Familiar
San Martín de Porres,7.5,31.48,88.9,4.0,22,9.83,7.87,23.66,72.35,3.86,2.96,4,Hurto
Villa María del Triunfo,10.06,40.54,89.46,3.34,45,6.67,3.23,27.14,82.17,7.18,9.11,7,Violencia Familiar
Comas,17.36,14.96,74.6,0.8,47,8.27,9.03,28.14,76.09,13.81,1.05,2,Violencia Familiar
San Juan de Lurigancho,19.34,40.67,90.95,2.33,29,3.13,6.54,8.5,21.01,15.52,6.61,3,Robo
Cercado de Lima,12.58,29.98,91.87,3.14,24,0.69,6.38,22.52,67.33,3.63,6.21,15,Violencia Familiar
Independencia,9.45,19.86,77.11,3.35,4,9.96,9.81,20.19,76.31,14.59,6.34,10,Homicidio
Comas,9.16,39.55,46.6,4.66,43,5.0,6.91,21.52,65.4,6.23,2.41,6,Violencia Familiar
Independencia,14.99,23.21,80.07,4.27,13,0.61,6.85,2.7,32.0,9.62,5.09,19,Homicidio
Los Olivos,13.86,43.14,92.9,3.13,48,2.77,9.21,18.33,61.5,7.74,1.47,7,Robo
Cercado de Lima,4.44,29.27,92.86,4.47,61,5.97,5.02,29.33,67.84,8.13,8.2,8,Homicidio
Ate,6.68,32.65,76.18,3.29,78,8.47,0.62,11.39,24.69,19.53,8.35,9,Homicidio
Los Olivos,12.38,36.58,64.97,1.26,19,0.55,9.42,4.09,50.69,11.07,9.87,7,Robo
Independencia,5.64,13.29,77.83,1.49,55,1.3,2.56,11.95,67.18,2.19,2.89,21,Homicidio
Comas,8.82,39.59,49.3,0.87,1,8.29,7.07,19.28,30.92,10.09,8.03,13,Hurto
San Martín de Porres,4.4,23.38,58.39,4.2,52,4.19,4.58,22.3,60.2,13.68,7.99,14,Hurto
San Martín de Porres,17.28,44.58,93.37,2.17,90,5.23,4.71,20.37,59.17,14.05,6.92,2,Pandillaje
San Martín de Porres,14.88,21.65,70.83,4.56,80,8.18,5.1,22.61,55.9,17.52,4.62,6,Homicidio
Villa María del Triunfo,5.24,39.19,49.92,4.34,2,1.83,8.26,10.0,84.9,19.43,6.14,5,Hurto
Los Olivos,18.96,40.76,60.25,3.78,92,7.96,1.75,20.84,35.44,5.15,8.87,6,Asalto
Ate,3.01,39.83,87.56,3.32,76,2.32,2.65,17.52,33.97,6.59,3.13,12,Homicidio
Independencia,6.53,14.53,94.51,2.61,27,7.61,1.54,15.64,50.1,12.34,10.0,17,Asalto
Comas,5.9,6.22,52.27,2.03,39,2.27,6.7,15.11,74.15,3.34,6.64,0,Homicidio
Callao,17.27,11.43,41.5,2.52,8,3.36,4.66,23.65,84.05,4.59,9.3,11,Asalto
Independencia,6.4,7.22,74.11,3.43,96,2.37,6.77,17.84,85.04,8.36,1.6,4,Microcomercializacion Drogas
Los Olivos,11.92,36.01,54.07,2.05,48,3.32,2.94,3.16,64.6,12.35,6.88,23,Hurto
Comas,13.53,28.99,70.38,2.08,48,2.82,9.63,2.29,70.12,14.42,6.6,13,Microcomercializacion Drogas
Los Olivos,5.42,17.53,90.97,0.9,47,8.35,9.35,7.2,46.08,18.64,1.56,8,Hurto
Independencia,13.12,11.02,98.08,2.51,33,1.89,0.05,3.68,83.33,13.3,3.46,18,Microcomercializacion Drogas
Villa El Salvador,4.95,42.66,87.05,2.58,52,2.49,7.17,25.97,44.97,15.39,3.66,15,Pandillaje
San Juan de Lurigancho,10.48,34.19,96.41,3.22,83,8.31,1.2,22.58,57.2,6.47,5.44,13,Violencia Familiar
Callao,5.79,9.66,72.8,4.56,46,0.15,5.81,4.96,81.11,10.94,7.3,7,Violencia Familiar
Callao,19.03,8.31,55.24,4.01,52,4.64,1.19,29.46,35.03,2.28,6.35,0,Violencia Familiar
Los Olivos,14.2,26.29,46.2,1.28,71,2.96,9.38,24.92,88.85,5.93,9.73,20,Hurto
Comas,3.86,7.11,81.52,2.56,39,9.89,5.74,5.86,68.21,18.06,7.71,21,Pandillaje
Independencia,5.69,7.07,73.44,1.2,37,4.67,4.82,25.55,35.49,8.24,8.28,21,Microcomercializacion Drogas
San Juan de Lurigancho,7.69,13.17,41.01,3.56,57,6.84,5.32,2.91,53.29,8.75,2.45,17,Homicidio
San Juan de Lurigancho,18.78,38.79,53.44,1.58,14,6.13,9.38,20.53,25.38,7.74,5.96,15,Robo
Independencia,13.4,19.94,55.32,0.98,31,7.5,5.32,17.06,39.47,5.12,3.59,7,Robo
Ate,10.13,11.73,92.76,3.01,7,5.02,7.31,28.83,35.43,17.84,9.41,18,Violencia Familiar
Callao,7.86,8.65,58.89,0.69,92,3.98,4.44,27.02,66.06,1.15,9.49,13,Robo
San Martín de Porres,11.51,22.35,54.97,2.96,72,3.08,5.73,11.11,22.75,6.17,1.06,16,Pandillaje
Ate,6.98,13.44,91.43,4.19,34,9.47,4.0,23.93,38.61,19.82,1.23,11,Pandillaje
San Juan de Lurigancho,10.33,17.18,51.89,0.8,46,4.2,4.97,27.67,74.34,3.48,6.09,14,Microcomercializacion Drogas
Cercado de Lima,4.43,20.72,46.01,0.57,77,1.6,3.36,4.15,36.45,16.77,9.53,6,Robo
Comas,18.75,21.79,43.04,0.68,17,8.58,7.31,28.51,74.71,6.96,3.23,9,Violencia Familiar
Ate,19.55,26.77,56.51,3.69,71,9.04,3.75,17.4,23.54,9.1,8.49,16,Robo
San Juan de Lurigancho,6.84,37.69,95.82,0.93,27,0.51,6.26,10.05,39.58,7.31,6.97,19,Asalto
Villa El Salvador,15.37,24.38,81.63,2.99,76,5.72,8.05,23.28,30.77,3.84,3.41,3,Asalto
Comas,3.96,6.39,63.51,3.64,12,2.47,9.76,11.65,43.61,6.93,2.1,18,Violencia Familiar
Villa María del Triunfo,17.88,36.62,48.47,2.96,49,3.97,1.56,22.66,45.23,13.75,3.44,1,Robo
Callao,5.66,44.54,98.64,4.07,34,5.78,8.66,10.1,52.74,12.77,4.7,1,Violencia Familiar
Independencia,12.59,39.02,52.09,4.7,87,8.23,5.56,23.83,21.13,16.55,1.36,0,Asalto
San Juan de Lurigancho,14.09,36.24,87.49,3.21,3,1.03,1.26,29.42,67.17,17.09,3.92,9,Homicidio
Villa María del Triunfo,13.25,32.3,74.52,2.43,37,1.43,0.18,14.99,86.01,7.15,6.95,21,Robo
Villa El Salvador,14.06,13.49,47.32,3.66,26,7.34,3.41,15.4,85.02,7.31,5.19,8,Violencia Familiar
Callao,7.4,6.11,77.88,2.42,35,1.75,2.96,20.59,87.57,1.96,9.01,19,Violencia Familiar
Independencia,9.17,26.87,90.39,1.07,33,9.17,4.07,6.01,70.03,6.57,5.73,15,Homicidio
Independencia,16.47,32.05,80.78,4.76,66,2.54,7.56,4.29,84.7,7.19,2.15,6,Robo
Villa María del Triunfo,14.64,41.11,90.24,1.07,45,1.35,0.94,25.28,84.29,13.35,1.93,19,Violencia Familiar
San Juan de Lurigancho,3.23,17.91,73.26,1.17,61,5.4,8.51,28.81,59.6,10.77,1.77,21,Pandillaje
Villa El Salvador,9.61,14.61,45.7,1.92,86,0.81,8.3,29.35,48.33,2.67,1.59,19,Violencia Familiar
San Juan de Lurigancho,8.44,24.06,59.1,2.7,83,6.82,3.15,5.73,64.27,3.44,6.21,11,Asalto
Ate,15.81,39.91,70.0,3.79,44,7.8,6.74,23.49,41.53,10.35,8.17,10,Robo
Ate,12.37,25.94,56.94,1.84,76,5.41,0.86,3.6,27.38,12.13,5.9,13,Robo
Cercado de Lima,16.94,6.66,69.89,3.6,45,5.99,6.53,6.31,88.39,11.35,2.22,14,Asalto
San Martín de Porres,10.93,12.6,82.1,3.0,42,9.42,5.3,22.51,84.69,19.53,8.5,21,Asalto
Villa María del Triunfo,13.68,42.23,80.57,1.88,91,9.35,2.51,5.37,60.92,19.42,4.4,21,Hurto
San Juan de Lurigancho,11.6,11.48,79.49,4.99,79,1.14,9.41,26.43,51.65,19.73,1.0,14,Pandillaje
Villa María del Triunfo,14.02,7.46,88.82,4.73,21,1.35,1.98,7.05,38.37,10.98,2.0,19,Hurto
Villa El Salvador,14.49,6.52,77.2,3.64,3,5.52,5.95,26.41,60.39,7.56,8.23,17,Violencia Familiar
Callao,9.74,16.85,48.61,1.18,58,3.72,6.14,16.66,42.34,9.93,5.52,21,Violencia Familiar
Ate,16.32,16.08,96.45,1.06,57,9.88,3.26,13.04,62.23,16.23,5.23,17,Violencia Familiar
Villa El Salvador,3.18,40.8,48.95,4.04,93,0.22,9.83,4.41,77.01,6.33,2.19,14,Asalto
San Martín de Porres,9.48,7.18,75.97,4.56,37,2.16,4.43,3.35,77.43,16.7,6.29,16,Pandillaje
Independencia,12.43,38.04,77.89,4.03,56,0.15,2.47,26.26,31.52,8.89,1.13,16,Violencia Familiar
Villa María del Triunfo,4.01,29.17,85.82,2.86,73,5.43,3.74,19.51,20.86,3.72,7.68,14,Violencia Familiar
Villa María del Triunfo,11.7,24.33,62.97,4.28,83,4.74,0.07,2.72,58.73,10.89,9.95,8,Asalto
Villa El Salvador,3.83,8.92,42.64,1.33,23,5.25,4.51,11.25,61.25,9.63,5.06,17,Hurto
San Juan de Lurigancho,16.54,35.27,80.83,1.25,22,9.9,6.84,28.57,29.98,8.26,5.99,17,Violencia Familiar
Callao,3.94,18.25,85.96,2.36,95,0.24,3.35,6.96,26.89,19.18,6.39,15,Homicidio
San Martín de Porres,9.68,14.48,45.82,1.31,81,6.78,5.47,15.3,84.57,2.38,3.53,22,Microcomercializacion Drogas
Los Olivos,8.52,32.49,97.7,3.79,87,3.99,4.1,29.39,32.66,16.18,4.01,22,Hurto
San Juan de Lurigancho,17.15,37.17,91.99,0.77,25,8.9,6.52,14.87,67.3,12.75,6.12,21,Robo
Los Olivos,9.73,10.32,49.52,4.77,84,4.34,1.28,13.45,44.81,6.75,7.58,10,Violencia Familiar
Comas,12.79,11.46,68.3,2.99,44,2.25,0.69,25.17,37.82,9.99,1.39,5,Asalto
Villa El Salvador,12.65,36.85,84.1,3.25,76,4.41,3.17,27.53,24.27,14.19,2.64,17,Asalto
Callao,7.12,8.65,59.12,0.97,2,1.74,4.72,4.56,63.8,11.46,4.67,12,Hurto
San Juan de Lurigancho,6.34,5.9,91.7,3.1,88,3.16,6.27,24.64,62.82,6.62,3.3,9,Asalto
Comas,6.08,36.63,63.08,2.46,44,5.88,4.26,19.23,25.71,2.67,2.55,19,Violencia Familiar
Independencia,9.81,37.47,40.83,3.42,8,3.09,2.94,9.45,43.29,11.59,7.36,4,Asalto
Comas,18.06,37.64,41.14,3.81,60,2.87,8.8,3.38,36.18,18.05,3.31,2,Microcomercializacion Drogas
Cercado de Lima,17.6,25.0,80.49,1.58,72,7.6,3.13,13.5,34.68,19.55,6.81,22,Hurto
Cercado de Lima,16.29,35.63,81.5,4.85,54,1.31,6.72,22.42,60.25,4.93,5.54,2,Asalto
Villa María del Triunfo,8.33,30.44,63.9,0.53,61,7.83,9.09,12.37,72.59,18.04,8.62,16,Pandillaje
Ate,9.4,18.57,43.75,2.69,50,2.49,3.17,24.65,81.28,6.75,8.73,9,Microcomercializacion Drogas
Callao,18.5,8.9,91.2,1.98,54,5.01,6.46,16.3,28.4,6.93,8.22,5,Robo
Los Olivos,19.19,18.15,79.74,3.88,71,8.71,2.89,23.93,76.23,19.74,6.38,7,Pandillaje
Ate,13.62,30.53,58.43,4.37,0,4.75,8.49,12.74,31.78,16.89,5.94,17,Asalto
Villa El Salvador,11.69,29.17,67.65,4.23,95,9.32,9.34,13.26,52.82,14.41,9.3,16,Hurto
Ate,4.91,21.31,93.18,0.71,69,3.5,8.62,8.53,68.66,12.96,8.77,1,Microcomercializacion Drogas
Ate,12.25,44.03,62.15,2.11,92,5.21,4.41,26.64,55.39,10.65,2.25,7,Hurto
Comas,4.25,31.53,75.72,2.37,84,4.11,8.18,27.06,79.73,13.8,2.24,15,Hurto
Comas,18.82,31.43,84.78,1.9,88,4.35,9.21,11.66,23.83,4.88,4.77,1,Robo
Ate,11.72,16.26,89.33,3.89,96,7.24,9.29,14.06,28.34,10.74,4.14,10,Microcomercializacion Drogas
San Juan de Lurigancho,15.22,9.42,42.14,4.97,79,2.33,7.5,9.69,63.73,2.54,5.07,16,Violencia Familiar
San Martín de Porres,16.86,40.1,86.39,3.52,29,7.78,4.61,29.69,53.83,19.75,7.79,21,Pandillaje
Ate,19.87,39.3,45.84,3.68,77,8.59,3.26,28.71,28.53,1.35,9.14,5,Homicidio
Villa María del Triunfo,7.1,14.34,44.09,1.34,62,0.61,2.24,12.17,50.71,19.57,8.27,18,Asalto
Comas,17.28,18.57,82.53,4.97,37,3.2,1.64,23.93,28.57,13.06,2.11,11,Robo
Comas,6.23,37.85,72.68,0.85,50,4.77,7.38,5.89,50.8,10.17,2.91,0,Microcomercializacion Drogas
San Juan de Lurigancho,16.93,40.53,51.95,1.78,78,8.78,9.53,23.13,51.18,12.25,7.31,17,Hurto
Villa El Salvador,17.11,31.19,64.67,3.49,57,0.87,3.77,13.58,22.79,6.21,9.6,11,Homicidio
San Juan de Lurigancho,3.73,12.16,63.53,4.77,60,5.04,8.29,16.23,63.42,10.08,5.3,2,Pandillaje
San Martín de Porres,13.77,23.01,71.87,3.86,57,6.25,8.08,3.93,43.44,6.96,6.72,6,Violencia Familiar
Cercado de Lima,13.14,37.58,62.93,1.1,73,9.68,6.58,17.8,85.31,12.14,5.73,16,Robo
Comas,11.03,20.13,71.04,2.36,88,6.84,0.25,21.32,42.13,2.06,6.49,10,Robo
Callao,4.37,10.89,57.88,0.9,56,0.06,4.84,5.45,41.54,18.6,2.46,15,Pandillaje
Cercado de Lima,15.61,26.87,93.07,2.99,16,1.95,1.66,27.66,42.95,8.07,7.84,3,Homicidio
Ate,12.91,28.16,43.27,1.91,26,4.65,2.27,22.83,84.34,9.05,4.08,16,Asalto
Villa El Salvador,6.24,41.69,73.21,1.85,75,8.12,3.42,14.14,79.39,7.9,8.15,20,Violencia Familiar
Ate,16.69,38.8,63.7,0.73,9,0.63,3.87,18.34,52.49,12.76,5.32,6,Violencia Familiar
Cercado de Lima,6.47,16.68,84.92,2.67,62,1.06,5.31,13.08,62.92,16.31,3.7,11,Violencia Familiar
Independencia,14.57,31.67,70.66,2.43,39,0.39,9.77,8.79,66.43,16.94,5.96,19,Microcomercializacion Drogas
Los Olivos,11.37,33.03,91.33,2.38,82,3.42,6.48,3.92,82.82,3.27,3.95,21,Asalto
Los Olivos,6.26,27.22,75.04,1.43,52,0.88,7.77,25.73,32.73,9.18,2.49,22,Microcomercializacion Drogas
Callao,13.8,12.86,52.7,0.69,20,8.37,7.04,28.0,71.71,6.82,3.39,9,Homicidio
San Martín de Porres,7.4,7.11,83.57,1.05,61,8.12,4.82,3.6,32.22,14.44,7.41,3,Pandillaje
Los Olivos,18.68,35.49,75.5,1.36,50,4.87,0.25,8.97,48.55,6.31,2.23,3,Robo
Ate,7.38,35.98,63.13,2.78,53,7.5,8.05,5.83,24.88,17.97,4.49,8,Hurto
Villa María del Triunfo,17.22,39.5,58.96,4.33,61,0.12,5.53,22.74,53.95,2.62,9.75,23,Robo
Callao,7.02,24.34,65.75,0.84,56,4.57,8.46,5.2,37.87,16.73,4.4,9,Violencia Familiar
San Martín de Porres,3.62,7.11,90.05,1.03,63,5.48,9.44,9.02,27.04,8.47,6.55,18,Pandillaje
Villa María del Triunfo,14.11,19.01,77.03,4.48,52,0.99,7.67,29.06,87.91,17.44,6.41,7,Violencia Familiar
Cercado de Lima,13.72,23.23,68.92,3.91,53,1.7,0.96,13.74,27.93,4.27,5.93,21,Hurto
Los Olivos,17.48,27.37,70.88,0.95,74,7.43,5.33,26.1,68.64,1.2,4.55,23,Hurto
San Martín de Porres,12.89,35.65,64.38,4.46,4,1.92,7.19,9.6,42.14,17.05,5.29,6,Pandillaje
Los Olivos,8.12,12.36,85.39,2.63,10,6.96,9.44,29.87,51.52,5.8,4.99,6,Hurto
San Martín de Porres,19.19,18.67,99.15,4.27,30,0.21,0.34,14.48,77.17,17.82,1.78,11,Asalto
Ate,9.6,38.18,48.02,4.71,76,4.45,4.88,24.77,26.95,9.14,6.66,6,Violencia Familiar
Independencia,18.7,44.9,41.95,1.56,14,0.64,3.87,9.92,41.31,19.68,6.78,7,Hurto
San Martín de Porres,9.41,37.07,66.07,4.41,17,7.41,5.43,20.3,39.18,12.27,5.4,12,Hurto
Cercado de Lima,18.71,14.22,57.35,2.16,95,3.55,4.0,3.61,60.83,17.8,2.37,16,Hurto
San Martín de Porres,10.13,33.04,64.64,2.77,1,9.34,1.31,24.33,55.56,15.26,3.8,10,Violencia Familiar
Independencia,10.94,19.39,72.17,3.73,26,4.57,4.75,12.81,87.67,14.25,1.75,17,Violencia Familiar
San Juan de Lurigancho,4.89,6.22,83.61,4.43,57,8.26,5.58,3.53,88.03,10.74,3.62,17,Homicidio
Los Olivos,8.18,12.71,47.74,1.84,51,9.73,2.01,2.27,25.27,8.14,8.38,22,Homicidio
Cercado de Lima,8.6,7.1,67.01,1.65,90,9.84,0.5,4.71,70.43,6.35,2.66,20,Robo
San Juan de Lurigancho,16.17,10.38,68.06,3.23,37,4.57,2.9,17.73,27.84,12.58,6.12,10,Violencia Familiar
Cercado de Lima,7.26,25.39,94.53,4.03,90,6.15,9.27,28.94,55.63,9.6,3.51,4,Robo
Comas,8.51,43.09,89.42,3.69,2,8.21,3.92,14.53,71.1,7.8,1.58,19,Hurto
Comas,8.15,43.66,96.68,2.01,76,3.47,7.94,19.51,85.63,13.91,6.13,9,Homicidio
Ate,16.4,5.96,72.05,3.6,18,7.33,9.95,10.05,57.68,11.13,4.65,12,Robo
Callao,17.51,24.93,76.19,1.52,50,1.04,2.95,4.54,66.76,3.53,8.67,10,Robo
San Juan de Lurigancho,18.23,6.16,54.38,0.65,59,7.94,5.76,11.58,76.7,5.53,3.02,0,Hurto
San Martín de Porres,11.69,22.82,98.02,3.07,17,6.54,8.73,8.84,51.51,18.59,6.94,3,Robo
Villa María del Triunfo,7.46,28.25,83.09,1.06,50,9.58,2.48,11.75,82.69,19.37,4.99,11,Robo
Villa María del Triunfo,7.54,9.78,53.82,0.98,78,3.86,3.53,10.84,54.37,7.09,2.73,5,Microcomercializacion Drogas
San Martín de Porres,9.99,22.79,74.59,4.93,67,4.05,0.03,25.8,46.66,10.42,1.07,17,Violencia Familiar
Cercado de Lima,7.73,20.82,81.23,4.17,31,2.18,1.34,28.69,25.09,4.78,4.13,6,Hurto
Comas,5.14,16.59,54.33,1.46,68,7.22,0.07,16.26,29.75,17.46,8.84,2,Pandillaje
Callao,8.16,33.66,61.52,1.71,88,7.78,8.58,25.66,45.18,14.06,3.82,2,Violencia Familiar
Comas,3.17,21.37,59.76,3.62,89,4.44,1.37,26.14,77.13,19.69,9.19,6,Homicidio
Callao,4.78,27.76,71.89,2.56,56,7.52,5.68,9.69,53.21,7.34,6.21,6,Robo
Cercado de Lima,13.74,25.75,43.07,1.55,70,2.96,9.3,5.49,65.67,2.0,5.02,11,Robo
San Juan de Lurigancho,10.74,11.54,58.25,3.29,37,8.08,7.68,5.19,65.07,16.85,6.2,19,Hurto
Comas,11.99,6.38,78.34,0.87,93,4.99,2.97,9.42,50.24,19.98,2.98,15,Robo
Los Olivos,11.31,25.97,80.02,1.7,68,6.5,8.68,25.19,63.82,2.43,2.01,6,Robo
Villa El Salvador,5.27,20.47,89.27,4.86,95,7.1,1.13,22.61,39.26,13.14,4.07,3,Violencia Familiar
Independencia,7.75,42.23,41.48,3.64,26,2.23,4.08,11.74,21.52,2.74,7.13,0,Asalto
Los Olivos,14.05,44.3,94.71,2.48,66,2.13,0.97,3.8,61.49,16.68,8.72,1,Hurto
Cercado de Lima,7.68,20.92,95.89,2.02,48,9.81,6.62,24.87,72.47,14.29,3.76,7,Asalto
San Juan de Lurigancho,3.2,10.59,82.94,4.88,79,4.59,0.77,20.78,77.49,5.65,4.79,13,Homicidio
Independencia,7.13,27.02,51.55,0.96,62,0.25,7.21,16.39,62.4,13.01,5.74,8,Robo
Cercado de Lima,15.8,34.1,92.18,1.35,36,0.57,5.88,25.53,21.22,1.93,6.15,13,Homicidio
Callao,8.94,28.85,56.45,0.62,50,2.6,8.38,22.04,68.09,17.97,7.2,8,Robo
Comas,14.5,39.34,97.76,3.33,51,3.43,3.29,18.86,42.56,15.76,1.64,17,Pandillaje
Villa María del Triunfo,15.71,39.03,57.17,3.38,80,4.32,0.33,28.71,34.69,15.99,7.97,23,Hurto
Cercado de Lima,11.22,5.59,95.27,4.89,99,9.12,1.47,20.09,36.3,3.98,7.15,10,Homicidio
Cercado de Lima,8.26,22.92,64.33,4.93,81,9.84,9.06,3.55,78.31,9.7,3.33,16,Homicidio
Villa El Salvador,19.1,13.22,76.82,1.5,19,4.53,9.46,20.95,41.11,4.58,3.73,21,Asalto
San Martín de Porres,4.78,21.92,87.73,1.14,21,4.52,7.34,25.52,58.15,2.65,3.13,17,Asalto
Callao,9.22,14.18,53.1,0.75,46,2.66,0.39,14.76,82.37,11.82,8.49,13,Asalto
Comas,14.76,31.97,98.8,4.94,57,2.44,7.99,5.0,74.65,18.29,4.45,11,Asalto
San Martín de Porres,4.33,27.94,45.9,2.52,42,1.75,8.75,22.65,37.7,2.28,3.41,17,Microcomercializacion Drogas
Villa María del Triunfo,15.23,6.12,62.52,3.32,56,0.96,8.98,28.19,88.59,17.5,2.57,5,Robo
Comas,18.51,12.09,40.42,4.12,76,2.65,6.63,29.03,84.11,10.55,8.16,21,Homicidio
Callao,4.05,34.37,71.3,1.46,28,8.16,3.78,4.48,43.96,19.65,6.67,18,Robo
Los Olivos,16.95,16.26,44.2,0.75,63,7.27,7.87,8.82,41.41,10.18,1.57,9,Pandillaje
Callao,15.8,25.0,47.67,3.12,66,9.96,4.75,24.85,50.24,16.13,6.36,9,Microcomercializacion Drogas
Ate,13.27,30.2,65.04,1.15,51,0.17,8.74,8.62,34.81,14.98,3.88,7,Microcomercializacion Drogas
Callao,6.27,33.69,79.86,2.05,71,6.9,9.45,19.7,50.47,10.98,2.8,6,Microcomercializacion Drogas
San Juan de Lurigancho,10.53,34.29,53.98,4.16,25,1.78,3.52,14.33,24.85,11.99,6.38,14,Microcomercializacion Drogas
San Juan de Lurigancho,12.2,7.12,82.07,0.75,25,3.59,9.96,15.45,54.01,11.75,9.25,13,Homicidio
Cercado de Lima,15.22,28.45,69.54,1.37,61,2.46,9.15,11.39,86.66,11.13,6.68,21,Homicidio
San Martín de Porres,5.54,42.2,67.52,1.32,54,2.2,1.65,13.38,84.86,14.5,4.77,5,Hurto
Cercado de Lima,19.74,31.66,57.12,3.14,66,4.3,3.06,28.94,87.51,6.5,5.32,0,Violencia Familiar
Comas,4.71,25.37,41.48,2.33,23,3.89,7.33,21.17,34.85,5.54,3.53,9,Homicidio
Cercado de Lima,4.76,33.1,57.97,1.71,65,6.8,8.25,6.11,31.18,16.01,6.55,0,Robo
Villa María del Triunfo,8.25,19.75,86.18,4.15,20,8.44,1.39,16.57,22.6,2.53,7.05,7,Hurto
Los Olivos,17.03,36.65,52.05,4.12,29,1.48,9.41,7.12,59.72,8.16,9.68,6,Violencia Familiar
Villa El Salvador,19.71,26.46,70.16,1.66,26,9.32,6.66,25.03,20.93,11.3,5.14,5,Violencia Familiar
Callao,11.55,35.61,69.12,1.17,96,5.37,8.6,7.96,62.54,2.59,6.79,4,Asalto
San Martín de Porres,7.3,37.15,89.07,4.91,30,2.07,7.35,26.26,56.46,13.72,8.34,19,Asalto
Cercado de Lima,17.55,8.97,45.44,1.68,46,4.48,1.02,2.45,63.13,19.26,9.13,14,Robo
Villa El Salvador,7.01,33.55,92.42,1.07,6,4.18,0.45,10.1,51.59,3.22,5.08,20,Robo
San Juan de Lurigancho,4.34,12.67,68.47,2.13,57,5.36,3.94,25.75,54.51,9.97,5.41,13,Robo
Independencia,9.86,18.33,69.52,3.08,90,9.08,6.05,16.78,59.02,19.59,7.96,10,Asalto
Cercado de Lima,5.9,22.89,52.63,3.6,98,5.44,5.52,11.98,51.31,19.34,4.4,16,Hurto
Villa María del Triunfo,10.78,35.38,52.36,3.69,60,2.38,4.89,10.01,70.59,18.96,9.25,14,Robo
Cercado de Lima,16.91,32.33,51.01,4.19,30,3.19,9.06,5.55,32.5,10.37,1.74,15,Robo
Villa María del Triunfo,15.49,17.86,42.08,1.07,36,7.02,6.59,29.7,38.55,13.77,1.47,20,Robo
San Juan de Lurigancho,16.37,25.39,58.0,1.18,30,6.67,2.01,26.64,33.65,6.96,6.59,19,Asalto
Comas,4.9,38.98,71.97,2.62,65,1.08,8.76,23.93,31.77,10.73,5.39,2,Homicidio
Los Olivos,3.86,7.52,51.24,0.65,20,7.46,9.96,20.64,54.54,18.54,1.14,22,Violencia Familiar
Ate,4.05,23.0,52.28,3.05,20,1.42,0.53,19.52,23.82,16.89,5.61,21,Robo
Ate,12.72,18.27,83.38,2.78,95,1.16,9.7,2.62,76.19,15.97,3.67,5,Hurto
Independencia,14.86,30.71,86.96,4.72,74,6.39,1.41,27.78,26.55,19.15,6.5,6,Asalto
Comas,11.87,15.51,86.04,4.67,81,3.16,7.89,21.09,82.21,14.16,3.19,3,Microcomercializacion Drogas
San Juan de Lurigancho,7.56,25.81,73.94,0.57,36,7.98,7.07,7.33,45.67,3.01,6.65,17,Homicidio
Cercado de Lima,16.27,20.61,74.71,4.6,66,5.01,3.84,29.22,31.14,7.73,4.78,22,Homicidio
San Martín de Porres,4.61,26.77,84.43,3.91,81,1.69,1.88,2.3,26.4,11.58,9.03,14,Hurto
Independencia,4.97,20.55,42.23,4.63,77,2.15,1.2,25.84,30.96,19.52,8.58,1,Robo
Villa María del Triunfo,4.66,17.12,78.29,2.08,72,6.64,4.53,25.4,87.31,15.73,6.6,0,Homicidio
Independencia,16.67,25.36,43.75,2.23,39,1.42,1.02,16.99,25.96,6.76,7.7,17,Homicidio
Villa El Salvador,19.87,32.93,57.63,3.52,45,7.25,3.12,23.92,50.99,10.22,8.0,5,Violencia Familiar
Villa El Salvador,9.4,19.69,71.56,4.14,16,8.89,4.84,22.4,42.15,7.5,2.75,12,Violencia Familiar
Villa El Salvador,4.43,32.4,82.47,2.12,19,3.59,0.81,7.41,86.55,8.77,5.2,16,Robo
Villa María del Triunfo,7.54,21.86,45.66,1.07,0,1.9,4.61,10.02,37.32,13.26,6.86,10,Microcomercializacion Drogas
Ate,4.24,15.95,98.8,3.18,92,9.99,1.75,2.28,30.42,15.74,5.02,7,Homicidio
Comas,19.07,31.94,43.89,2.6,16,5.42,6.29,9.19,76.06,13.01,5.53,0,Microcomercializacion Drogas
Villa El Salvador,8.75,42.42,94.73,1.44,76,7.18,5.81,28.54,23.76,3.02,2.56,10,Robo
Los Olivos,18.17,34.32,70.5,4.96,38,2.8,5.65,4.47,48.96,15.25,7.24,9,Hurto
Independencia,10.49,39.28,81.05,4.47,92,5.83,9.6,20.49,56.59,1.45,4.72,8,Microcomercializacion Drogas
San Martín de Porres,9.73,12.97,65.49,2.23,88,7.35,7.97,9.54,82.12,3.61,4.03,23,Violencia Familiar
Villa El Salvador,19.11,35.67,56.1,3.16,85,7.35,2.52,15.74,25.29,12.74,6.99,22,Robo
Villa María del Triunfo,7.57,5.84,83.37,0.65,38,1.44,9.99,19.43,50.17,6.48,6.44,17,Homicidio
San Juan de Lurigancho,3.56,24.97,76.04,0.78,60,4.06,0.41,11.72,38.57,14.04,9.54,9,Asalto
Comas,17.48,19.26,55.68,4.76,62,6.58,8.24,20.13,87.83,14.57,9.32,4,Pandillaje
Independencia,11.98,10.07,75.55,2.67,63,0.1,1.95,15.76,86.54,8.29,4.82,16,Hurto
Cercado de Lima,15.0,14.53,63.32,2.5,23,4.11,1.45,16.68,87.41,12.55,9.85,23,Robo
Los Olivos,16.73,35.86,94.91,4.35,38,2.07,8.74,2.85,26.36,17.24,6.68,1,Robo
Callao,5.65,14.03,52.71,4.07,15,6.76,9.08,22.43,71.48,2.52,4.24,4,Pandillaje
Independencia,8.54,13.82,95.52,4.41,28,0.61,7.15,19.46,87.94,11.62,4.03,6,Homicidio
San Juan de Lurigancho,12.51,25.11,48.67,2.49,96,3.17,4.84,10.25,38.11,1.49,3.57,16,Robo
Ate,19.24,14.61,59.41,1.33,85,1.55,3.56,21.52,59.21,8.34,4.78,22,Violencia Familiar
San Juan de Lurigancho,4.33,40.25,44.67,3.68,15,0.6,3.76,27.92,55.21,13.58,9.21,21,Robo
Comas,10.44,18.59,83.14,1.79,76,7.91,4.54,10.45,46.88,17.23,7.74,15,Homicidio
San Juan de Lurigancho,10.59,27.03,96.67,1.46,56,5.23,1.17,5.61,57.58,18.79,3.78,22,Robo
Callao,7.21,6.45,46.11,3.78,87,5.9,4.23,7.62,41.4,10.97,6.87,2,Pandillaje
Ate,7.86,7.84,60.74,3.84,70,4.12,1.38,20.64,56.73,13.15,4.04,22,Asalto
Cercado de Lima,10.65,35.25,87.65,2.73,66,0.9,4.98,9.37,70.71,4.6,9.03,17,Robo
Comas,10.45,21.35,65.74,3.14,42,2.51,3.21,5.78,40.73,11.87,4.98,1,Hurto
San Martín de Porres,8.2,7.91,95.96,2.28,0,1.3,3.46,24.62,37.24,2.2,2.19,12,Violencia Familiar
Independencia,17.87,6.74,55.66,4.44,74,8.64,3.09,21.44,21.13,8.08,4.17,10,Hurto
Cercado de Lima,16.43,13.71,80.62,4.11,31,4.82,7.2,12.05,62.7,8.27,3.74,23,Microcomercializacion Drogas
Ate,6.86,21.26,91.08,4.09,83,5.45,6.61,27.29,26.9,5.41,7.38,11,Robo
San Martín de Porres,10.06,8.57,66.27,1.54,68,5.91,8.87,26.89,72.2,1.67,6.18,21,Violencia Familiar
San Juan de Lurigancho,17.58,23.96,40.25,0.55,73,3.45,1.61,17.77,86.06,1.07,3.14,1,Robo
Cercado de Lima,4.93,27.81,91.71,2.65,64,8.82,4.34,22.93,89.98,14.77,2.03,8,Violencia Familiar
Independencia,3.02,22.98,90.21,3.08,62,4.65,0.63,18.75,62.13,2.23,9.75,13,Violencia Familiar
Villa El Salvador,17.98,18.13,46.77,4.42,61,0.5,6.03,24.59,30.98,1.29,3.81,9,Robo
Comas,10.24,27.09,75.93,1.73,19,8.75,9.39,24.54,79.54,11.46,8.43,21,Robo
San Juan de Lurigancho,14.7,15.39,55.28,4.99,16,5.27,0.57,5.1,35.36,9.82,4.9,16,Pandillaje
Cercado de Lima,17.01,27.59,50.78,0.95,94,0.13,7.96,15.36,29.16,5.48,9.39,2,Violencia Familiar
San Martín de Porres,16.6,42.29,86.21,3.86,1,0.6,5.18,5.48,87.35,6.51,8.68,14,Hurto
Independencia,18.9,19.53,63.42,0.98,10,1.59,9.68,27.61,31.69,3.3,1.77,8,Asalto
Cercado de Lima,8.27,25.3,64.08,4.35,16,6.9,6.02,5.0,55.57,14.97,9.93,10,Pandillaje
Cercado de Lima,6.84,39.91,88.87,1.55,99,3.03,3.93,7.03,60.47,19.2,5.53,12,Pandillaje
Villa María del Triunfo,8.59,16.4,68.7,1.31,53,7.69,2.66,23.48,34.41,7.11,5.19,9,Robo
Villa María del Triunfo,4.81,38.68,68.97,3.47,40,9.01,9.3,12.74,54.42,18.03,8.26,9,Microcomercializacion Drogas
Comas,10.17,14.19,51.97,0.67,94,7.63,7.65,11.98,39.19,16.22,4.39,20,Robo
Ate,6.66,16.67,50.37,2.21,26,5.31,0.99,24.74,80.62,4.27,8.65,3,Violencia Familiar
Callao,9.5,16.27,83.32,4.38,76,5.12,1.59,3.5,51.2,1.94,6.12,1,Asalto
Villa María del Triunfo,8.2,28.72,72.26,0.52,14,5.66,7.63,5.82,36.01,17.77,1.18,1,Hurto
Independencia,4.58,23.73,93.25,3.39,58,6.77,7.03,28.77,57.19,8.59,9.58,14,Homicidio
San Martín de Porres,17.32,19.49,79.63,2.62,45,5.77,6.43,25.8,40.48,4.18,4.41,19,Microcomercializacion Drogas
Callao,14.43,25.35,83.27,2.09,72,8.43,3.03,14.02,52.95,3.99,1.28,19,Pandillaje
San Juan de Lurigancho,7.08,8.34,95.71,3.11,81,9.12,3.46,19.4,22.72,4.55,8.48,6,Pandillaje
Independencia,9.41,26.34,40.01,1.59,19,2.49,0.15,6.67,62.47,14.47,1.19,15,Robo
Los Olivos,18.2,14.13,84.4,1.89,50,7.93,6.04,15.81,22.8,19.7,4.45,3,Robo
Callao,7.83,28.43,75.21,2.51,11,9.17,9.97,6.3,80.41,6.05,6.32,10,Pandillaje
Comas,18.86,20.32,83.77,0.59,0,1.35,4.48,25.22,41.19,9.89,3.46,17,Homicidio
Comas,7.2,40.98,94.65,4.74,89,2.84,4.37,19.75,51.5,7.42,4.49,1,Robo
Los Olivos,11.87,5.54,41.17,4.88,92,1.83,5.74,19.85,58.97,15.03,4.02,19,Violencia Familiar
Comas,14.02,5.73,79.24,3.28,14,0.38,9.95,15.5,72.92,9.59,1.39,9,Pandillaje
Comas,14.12,16.02,98.06,1.95,77,9.59,6.13,9.33,24.69,1.54,3.2,15,Homicidio
Villa El Salvador,18.61,21.32,51.48,2.83,55,3.11,3.27,2.3,69.07,3.15,7.96,7,Hurto
Independencia,12.93,8.3,85.94,0.81,56,3.25,9.45,9.91,52.26,13.75,2.46,21,Microcomercializacion Drogas
Callao,6.36,44.36,84.18,3.98,34,1.33,7.75,9.41,85.35,14.68,7.78,5,Asalto
Villa El Salvador,13.5,35.8,46.24,4.83,97,2.7,8.23,16.51,52.33,6.97,6.23,1,Robo
Comas,13.7,32.97,82.67,0.73,55,1.32,7.56,9.73,83.35,16.54,4.12,20,Pandillaje
Los Olivos,4.72,43.48,79.16,2.55,99,5.01,2.34,13.47,74.61,15.65,3.05,2,Violencia Familiar
Callao,5.46,15.19,94.87,1.01,17,5.05,1.76,24.76,57.92,3.49,7.9,7,Hurto
Los Olivos,9.27,10.42,71.1,1.01,40,2.93,4.91,14.28,73.22,8.99,9.49,1,Hurto
Independencia,17.52,36.27,46.21,0.98,16,9.38,9.12,28.49,37.13,3.5,3.72,21,Hurto
Callao,12.29,27.78,60.59,3.03,32,4.42,0.46,17.23,43.7,10.0,6.52,22,Robo
Callao,10.38,37.78,94.33,1.04,23,2.85,0.47,20.72,80.39,4.1,8.31,0,Pandillaje
Villa María del Triunfo,13.68,20.8,55.24,4.92,89,7.2,4.44,9.18,33.33,13.73,1.0,23,Pandillaje
Villa El Salvador,6.26,20.45,69.09,2.1,68,1.26,1.23,6.13,22.08,2.36,6.94,20,Robo
San Juan de Lurigancho,19.87,31.36,43.03,0.97,91,6.23,2.08,16.11,58.14,6.39,9.54,0,Hurto
Independencia,4.33,9.25,69.57,1.22,2,1.59,4.87,12.2,64.76,3.45,4.87,3,Violencia Familiar
San Juan de Lurigancho,3.69,41.55,89.98,1.84,67,4.02,1.51,14.37,73.95,6.02,1.05,23,Homicidio
Villa María del Triunfo,13.32,9.8,59.24,4.4,75,5.32,4.82,21.68,24.76,4.68,2.93,11,Violencia Familiar
Callao,6.2,7.25,44.84,4.97,79,0.5,2.69,20.32,57.35,18.94,4.57,21,Violencia Familiar
San Juan de Lurigancho,11.71,15.71,67.3,2.62,42,7.77,5.57,20.08,20.95,4.08,9.86,3,Pandillaje
San Juan de Lurigancho,19.08,12.88,92.52,3.67,64,6.55,3.9,7.45,71.22,3.93,8.7,10,Robo
Comas,11.83,16.92,65.35,1.84,80,0.79,5.27,13.28,61.22,2.7,4.88,7,Microcomercializacion Drogas
San Martín de Porres,12.86,29.76,56.97,4.53,10,2.86,4.24,20.2,21.73,16.39,5.83,20,Robo
Los Olivos,5.19,5.74,81.38,1.86,80,6.91,5.72,13.33,45.45,5.12,7.03,23,Hurto
San Juan de Lurigancho,4.52,22.35,61.35,2.82,82,4.85,5.43,10.53,32.73,2.63,7.43,7,Asalto
Ate,9.64,21.63,68.15,2.15,16,7.34,0.55,26.86,69.21,5.11,2.65,11,Homicidio
Los Olivos,6.58,14.1,56.78,1.07,89,0.75,1.34,20.05,43.78,14.45,6.02,22,Hurto
Villa El Salvador,4.98,26.46,66.23,1.71,87,4.97,0.94,10.14,88.86,19.25,3.88,13,Asalto
San Juan de Lurigancho,18.53,19.73,62.41,2.23,11,6.51,6.14,11.36,77.25,1.73,8.84,15,Hurto
Ate,14.35,5.51,92.29,2.51,51,1.38,4.39,15.9,48.26,13.89,4.79,4,Homicidio
San Martín de Porres,4.86,20.89,60.21,3.06,17,2.13,6.04,16.1,80.7,19.1,4.64,3,Microcomercializacion Drogas
San Juan de Lurigancho,7.7,36.7,53.51,3.57,38,3.27,6.07,28.05,78.58,19.91,1.2,22,Violencia Familiar
Ate,12.34,34.93,87.04,1.96,89,5.06,5.6,22.4,44.84,12.64,6.27,23,Microcomercializacion Drogas
Comas,7.41,8.39,47.16,1.51,74,4.56,4.92,3.03,33.7,16.71,8.48,0,Robo
Ate,19.82,11.67,42.8,4.01,67,8.3,7.04,28.48,48.62,13.58,5.18,4,Violencia Familiar
San Juan de Lurigancho,12.22,14.32,74.42,4.2,98,6.31,3.5,10.19,47.48,7.5,8.49,5,Pandillaje
Comas,9.24,26.69,48.89,3.86,63,4.12,2.24,28.11,54.17,12.98,7.61,18,Asalto
Callao,14.49,33.23,69.35,2.22,79,7.31,5.22,4.08,33.44,16.96,7.52,17,Homicidio
San Juan de Lurigancho,19.83,13.38,40.71,4.99,68,3.05,1.76,24.02,41.88,18.37,8.57,6,Hurto
Villa María del Triunfo,16.7,29.1,57.75,4.5,31,3.97,2.45,14.56,42.44,15.14,9.74,12,Microcomercializacion Drogas
Villa El Salvador,4.57,34.18,60.84,3.56,55,8.9,4.4,27.23,72.55,10.28,6.43,1,Homicidio
Villa El Salvador,14.34,6.75,59.6,3.3,22,5.57,8.94,29.28,23.24,7.76,2.92,21,Microcomercializacion Drogas
San Martín de Porres,5.04,24.34,81.13,4.01,49,1.47,0.73,24.74,72.67,15.31,7.45,12,Pandillaje
Callao,13.92,6.53,77.29,4.0,80,3.17,6.71,2.88,70.85,16.88,4.74,12,Microcomercializacion Drogas
Independencia,11.97,25.71,74.67,3.87,28,2.92,2.67,28.03,32.07,12.01,6.0,2,Robo
San Martín de Porres,7.63,11.78,77.25,3.74,28,0.72,8.81,9.19,61.51,18.78,7.1,18,Homicidio
Ate,7.5,33.45,46.0,0.65,86,3.55,0.49,2.87,58.79,15.48,5.84,8,Robo
San Martín de Porres,7.03,22.89,44.34,4.79,26,6.95,1.42,19.91,23.83,8.74,2.6,21,Violencia Familiar
Comas,5.38,8.85,65.47,4.7,59,5.27,1.41,2.02,76.71,2.66,6.7,20,Violencia Familiar
Los Olivos,14.31,8.15,76.23,1.24,89,8.06,9.9,12.57,51.13,1.88,1.12,9,Pandillaje
Callao,10.58,37.61,93.36,2.84,41,7.48,2.62,26.69,82.43,4.73,6.52,7,Violencia Familiar
Callao,19.7,26.11,87.28,4.28,12,7.19,5.04,21.85,37.43,7.16,4.01,22,Pandillaje
Villa El Salvador,16.66,40.89,71.09,2.55,71,2.88,6.38,10.03,40.55,8.59,8.67,12,Robo
San Juan de Lurigancho,9.66,15.54,97.28,3.22,90,7.27,0.01,28.23,31.52,5.44,3.37,15,Microcomercializacion Drogas
Villa El Salvador,19.77,17.61,46.92,0.98,91,2.48,5.06,25.64,36.75,8.89,6.54,17,Asalto
Independencia,9.16,28.47,77.46,3.44,62,3.54,3.81,13.53,70.93,9.58,8.71,2,Robo
Callao,9.67,21.21,47.53,4.16,37,5.28,6.62,7.81,83.41,16.93,5.24,8,Violencia Familiar
Cercado de Lima,15.41,10.27,80.81,4.29,50,8.66,0.33,27.56,28.29,13.27,3.25,7,Violencia Familiar
Villa El Salvador,10.16,21.42,53.88,1.11,94,1.98,0.09,19.56,42.15,19.49,2.74,17,Homicidio
Callao,3.14,38.57,41.92,4.73,2,6.11,8.71,2.43,50.5,5.26,4.5,5,Robo
Cercado de Lima,12.34,40.51,46.28,4.2,15,3.84,9.45,15.49,59.98,16.69,3.48,2,Asalto
Villa María del Triunfo,11.21,40.86,98.96,2.3,20,8.85,5.77,8.19,38.84,16.26,1.4,18,Hurto
Callao,16.79,8.5,88.34,3.51,10,5.37,0.49,2.07,37.14,13.93,2.09,10,Violencia Familiar
Villa María del Triunfo,14.01,33.48,50.71,0.86,50,3.14,6.33,4.96,64.0,2.81,1.85,3,Pandillaje
Independencia,3.63,22.8,46.79,2.08,60,3.59,4.75,12.18,64.87,18.12,2.48,16,Homicidio
Cercado de Lima,18.84,16.15,97.01,0.78,78,6.93,7.85,25.14,83.96,17.72,10.0,10,Robo
San Martín de Porres,12.97,15.45,98.91,4.54,43,0.31,2.75,2.92,49.42,18.01,9.84,18,Hurto
Los Olivos,18.4,25.65,49.22,4.65,40,7.32,7.09,7.61,34.77,14.08,2.98,19,Asalto
Los Olivos,8.06,31.39,48.22,3.59,20,2.74,3.15,5.27,39.12,4.98,5.1,17,Robo
Comas,14.68,8.83,95.35,3.06,55,0.62,8.21,4.59,67.18,2.07,7.06,16,Microcomercializacion Drogas
Los Olivos,11.88,21.06,58.03,4.11,9,7.23,2.06,9.0,43.55,12.19,5.09,18,Hurto
Villa El Salvador,3.18,36.06,89.3,0.77,81,3.78,7.94,26.48,79.57,15.77,3.42,5,Asalto
San Martín de Porres,19.66,15.73,42.46,3.67,32,1.01,7.08,2.87,80.91,3.63,2.15,11,Violencia Familiar
San Juan de Lurigancho,9.09,12.33,78.57,1.97,38,6.32,2.57,28.56,31.88,19.35,1.13,6,Violencia Familiar
San Juan de Lurigancho,6.56,14.64,47.79,3.72,65,6.86,8.33,9.0,62.67,12.12,4.33,22,Asalto
Callao,15.56,40.72,66.88,2.89,94,8.5,2.3,8.71,46.08,5.38,6.05,10,Hurto
Los Olivos,4.41,12.64,66.45,3.13,89,9.88,3.89,3.33,76.08,12.48,2.79,3,Pandillaje
Villa El Salvador,14.64,10.02,87.19,0.58,21,3.31,7.4,10.76,77.88,12.3,8.15,22,Pandillaje
San Martín de Porres,14.13,16.33,40.01,1.07,89,8.39,0.32,16.57,59.7,11.66,5.28,19,Pandillaje
Villa El Salvador,8.28,29.63,81.46,2.32,79,1.2,7.04,20.06,46.18,19.07,1.2,23,Microcomercializacion Drogas
Callao,7.11,31.89,51.81,4.53,31,7.95,1.81,21.94,46.95,8.64,8.05,20,Asalto
Callao,10.15,24.24,62.58,2.13,54,8.06,1.08,29.63,63.35,13.37,2.79,18,Hurto
Callao,7.9,14.44,83.83,0.68,24,8.68,2.95,2.05,35.67,7.47,9.92,23,Robo
Cercado de Lima,8.62,5.79,48.11,3.63,81,2.07,3.78,10.87,67.41,6.5,6.19,10,Microcomercializacion Drogas
Los Olivos,18.83,9.44,64.37,3.97,80,1.27,0.59,10.55,31.04,4.31,7.85,4,Homicidio
San Juan de Lurigancho,9.24,9.25,81.32,4.9,20,7.33,8.71,7.39,26.83,18.06,4.15,2,Pandillaje
Villa María del Triunfo,10.2,5.18,58.8,2.87,92,1.11,4.43,9.09,83.65,2.93,1.44,2,Microcomercializacion Drogas
Comas,14.23,34.22,67.2,3.58,2,2.16,5.91,27.57,75.85,18.51,9.81,17,Hurto
Ate,10.02,39.39,55.11,4.91,56,3.28,2.1,15.94,53.32,18.13,1.31,18,Robo
San Martín de Porres,13.28,24.21,88.94,0.78,77,4.95,1.34,26.8,65.45,4.11,1.3,16,Asalto
San Juan de Lurigancho,6.05,14.03,41.51,3.75,5,5.88,8.47,14.36,21.26,2.42,5.59,9,Violencia Familiar
Ate,4.21,12.57,86.28,4.29,98,9.56,6.98,7.82,21.42,10.11,5.62,21,Hurto
San Juan de Lurigancho,6.42,12.15,60.26,2.38,66,6.16,9.86,19.92,80.22,18.97,9.37,2,Homicidio
Cercado de Lima,17.58,24.8,47.86,3.63,71,5.44,7.12,7.91,67.08,14.38,6.03,7,Asalto
Villa María del Triunfo,10.29,10.07,73.98,2.29,3,9.41,4.86,14.95,74.96,16.61,5.99,15,Violencia Familiar
Villa El Salvador,17.96,6.8,83.87,4.42,33,6.47,8.3,3.38,79.67,11.42,2.78,5,Hurto
Callao,12.02,7.07,49.51,4.16,88,3.62,0.1,19.53,69.27,13.37,9.71,16,Violencia Familiar
Villa María del Triunfo,4.07,24.04,81.35,3.23,81,5.81,3.88,6.78,35.88,11.93,4.81,17,Hurto
Independencia,14.27,39.1,55.48,2.71,43,7.03,2.91,15.17,86.94,15.57,9.73,18,Pandillaje
Callao,4.1,28.11,61.47,1.74,47,9.57,4.99,28.08,60.83,11.23,5.09,19,Homicidio
Villa El Salvador,7.11,25.39,62.8,2.52,43,3.5,4.52,5.74,23.36,15.73,6.14,15,Pandillaje
Villa El Salvador,11.04,30.22,94.47,2.39,57,3.09,1.17,29.6,41.6,3.48,2.79,10,Robo
Callao,17.66,43.46,54.8,2.53,90,6.69,0.72,22.92,23.71,11.32,3.34,11,Violencia Familiar
Independencia,8.27,14.68,56.71,4.53,48,6.95,4.42,28.46,29.91,13.21,4.44,0,Hurto
San Martín de Porres,14.66,35.36,71.96,3.37,93,1.01,3.09,19.12,87.48,2.82,1.2,15,Asalto
Independencia,15.26,32.08,71.35,4.02,46,3.92,4.9,5.09,49.37,7.01,1.32,4,Robo
Villa El Salvador,3.31,42.37,45.19,4.1,80,4.69,9.39,7.2,88.46,19.89,6.0,6,Robo
Los Olivos,10.22,17.37,56.84,4.88,92,6.91,7.87,5.26,45.21,19.4,9.31,18,Pandillaje
Independencia,17.57,6.94,48.91,2.36,20,9.23,4.57,25.69,51.66,9.06,2.41,5,Robo
Cercado de Lima,3.38,22.76,86.88,3.56,24,9.1,0.18,17.6,75.11,11.29,3.92,13,Homicidio
Ate,15.48,31.47,89.02,1.07,87,6.59,3.98,16.38,76.21,8.1,4.49,11,Homicidio
San Juan de Lurigancho,10.02,21.22,80.77,0.8,62,2.88,2.57,20.6,49.36,19.34,7.15,19,Violencia Familiar
San Martín de Porres,4.35,24.51,58.87,1.41,91,3.93,3.88,10.03,38.8,17.36,1.63,10,Hurto
Villa El Salvador,8.0,13.63,49.52,1.91,99,2.22,4.64,15.17,81.15,15.49,5.62,14,Asalto
Los Olivos,15.53,29.06,79.33,0.54,74,5.3,3.48,16.57,65.88,8.95,7.43,22,Microcomercializacion Drogas
Independencia,10.68,21.32,81.25,1.62,73,8.77,4.18,27.51,89.52,3.02,3.1,7,Homicidio
Cercado de Lima,4.66,5.6,49.67,4.98,91,5.03,8.48,2.57,62.31,6.26,8.76,6,Pandillaje
Villa María del Triunfo,14.46,13.86,42.09,2.34,34,8.09,8.0,14.8,62.46,12.48,8.44,12,Asalto
Ate,7.51,26.45,66.95,2.48,70,5.89,4.08,20.23,73.76,19.25,5.5,1,Asalto
Ate,12.13,13.14,49.35,4.46,34,9.74,0.08,27.17,85.18,19.26,1.12,14,Pandillaje
Comas,16.78,42.89,48.16,2.74,65,0.34,1.7,15.99,61.58,3.82,4.59,22,Robo
San Juan de Lurigancho,8.73,28.42,58.94,0.89,38,1.88,4.28,20.43,38.47,1.23,5.67,16,Hurto
San Martín de Porres,13.02,23.85,74.4,4.68,9,6.28,7.84,20.15,72.37,18.21,8.77,21,Robo
Independencia,13.84,25.24,83.03,4.25,98,8.89,8.45,16.71,68.41,17.78,5.46,16,Pandillaje
Comas,6.74,20.54,91.94,3.76,48,2.15,3.56,9.95,32.33,15.12,3.27,19,Asalto
San Martín de Porres,11.17,22.92,47.25,2.42,91,1.6,2.82,8.53,71.39,1.58,6.56,3,Robo
Los Olivos,18.84,33.32,84.88,1.39,80,1.74,9.58,25.93,36.13,7.22,2.89,15,Pandillaje
Villa El Salvador,16.7,15.13,54.94,3.16,20,7.92,1.27,13.16,31.91,5.84,3.37,21,Robo
San Martín de Porres,14.98,18.57,46.66,1.75,13,3.39,1.43,26.02,41.62,13.52,6.1,7,Robo
Cercado de Lima,15.45,8.51,80.09,4.53,16,5.09,6.28,11.98,42.64,1.44,5.5,17,Robo
Los Olivos,11.38,18.56,48.81,2.98,71,8.41,4.15,23.5,22.84,3.34,2.83,15,Robo
San Juan de Lurigancho,8.0,8.46,85.57,1.91,66,2.37,6.27,10.44,87.76,14.36,2.23,15,Pandillaje
Villa María del Triunfo,17.31,28.34,43.69,3.45,37,5.12,9.44,3.17,55.21,12.1,9.28,16,Hurto
Comas,12.52,5.33,44.96,1.07,4,9.33,6.57,14.29,23.14,18.48,5.23,22,Robo
Independencia,11.19,9.97,52.86,0.79,91,1.05,4.54,8.69,78.49,15.89,8.42,10,Pandillaje
Independencia,12.61,30.96,61.01,4.63,76,2.24,0.98,27.67,59.21,3.92,8.14,14,Asalto
San Juan de Lurigancho,18.86,42.53,94.85,2.96,43,6.9,7.25,21.55,41.77,2.89,3.45,1,Robo
Independencia,11.4,5.39,48.4,1.95,77,9.42,5.27,11.1,31.07,7.43,1.18,17,Pandillaje
Independencia,4.9,10.91,65.69,1.38,55,8.72,2.16,4.35,53.8,10.77,8.46,16,Pandillaje
Callao,3.65,29.61,89.68,1.21,86,5.92,8.47,11.99,27.58,9.0,7.54,5,Pandillaje
Comas,13.94,8.52,93.61,2.25,33,7.56,9.64,5.21,42.01,16.39,3.4,18,Microcomercializacion Drogas
Cercado de Lima,12.81,15.98,89.45,0.52,6,7.73,8.75,2.74,59.34,5.07,4.07,21,Hurto
Callao,14.13,43.16,86.51,4.12,8,7.36,5.71,3.87,28.15,12.33,3.47,19,Robo
Ate,13.97,32.49,62.35,1.68,72,6.49,6.37,17.5,20.8,14.23,4.38,11,Pandillaje
Villa El Salvador,12.99,15.09,52.22,2.03,86,6.25,0.97,28.65,75.35,8.1,6.07,4,Robo
San Juan de Lurigancho,10.41,30.2,60.43,1.86,19,1.62,1.18,23.3,84.93,9.71,6.94,0,Hurto
Villa María del Triunfo,4.76,37.52,42.33,3.47,50,7.95,1.13,16.94,27.09,17.58,5.57,23,Robo
San Martín de Porres,5.13,6.66,56.89,1.6,18,8.33,4.54,22.15,27.52,17.08,7.62,9,Homicidio
Independencia,10.31,21.99,65.02,3.49,53,3.97,5.71,28.69,56.17,16.56,5.92,17,Homicidio
Independencia,12.78,43.02,91.55,1.53,61,2.96,5.81,28.44,76.83,15.09,7.63,7,Asalto
Comas,7.69,42.21,61.88,4.36,80,7.52,4.23,16.48,45.9,15.07,8.06,22,Robo
San Juan de Lurigancho,6.48,18.52,68.19,1.99,64,4.41,7.34,19.5,79.78,16.25,1.37,23,Violencia Familiar
Comas,4.74,29.06,92.43,1.04,59,9.11,8.14,16.55,74.01,10.93,2.42,6,Pandillaje
Villa María del Triunfo,8.97,42.22,87.98,2.45,59,9.43,5.28,17.12,52.27,7.19,5.28,11,Homicidio
Independencia,12.36,15.02,63.86,2.43,38,8.95,3.93,28.93,49.11,12.42,7.39,19,Hurto
Ate,15.68,25.83,56.11,3.99,96,7.96,4.75,24.21,45.19,18.84,5.81,9,Homicidio
Comas,5.89,30.32,65.19,2.79,1,5.44,5.43,15.92,29.44,10.43,2.52,10,Violencia Familiar
Villa El Salvador,8.41,14.6,73.42,0.99,77,7.69,3.69,28.88,77.43,17.23,2.55,0,Robo
Ate,7.61,39.22,41.91,0.84,19,2.0,2.32,24.34,59.42,1.11,4.86,8,Robo
San Juan de Lurigancho,14.42,23.38,99.51,1.52,40,9.54,8.14,27.31,21.1,18.74,8.29,5,Robo
Ate,5.6,25.22,64.79,4.45,35,5.99,4.76,28.12,25.33,10.52,7.18,18,Violencia Familiar
Villa María del Triunfo,18.45,42.68,43.86,2.31,31,5.97,3.18,14.64,37.29,16.01,6.71,9,Asalto
San Juan de Lurigancho,7.95,37.91,67.08,2.76,10,8.9,3.84,22.63,53.32,3.33,9.35,15,Robo
Independencia,9.24,5.76,46.03,2.73,20,4.14,0.15,25.55,55.94,3.64,3.13,13,Asalto
Callao,17.15,21.07,83.02,4.45,28,7.71,3.27,8.78,31.83,15.72,2.17,22,Pandillaje
Los Olivos,8.62,12.15,85.92,4.04,47,2.8,1.46,10.1,41.68,10.92,6.97,22,Robo
Independencia,8.71,16.61,72.47,0.61,69,8.93,5.13,25.11,77.11,18.76,8.57,13,Pandillaje
Independencia,9.87,13.86,70.72,2.97,81,5.74,4.45,20.72,64.09,1.34,5.87,11,Robo
Ate,16.45,15.35,60.44,0.79,61,1.39,2.52,22.49,31.53,7.68,3.38,5,Violencia Familiar
San Juan de Lurigancho,9.25,27.21,46.0,4.12,80,9.48,3.56,9.0,63.14,10.48,9.9,2,Robo
San Juan de Lurigancho,19.62,38.74,50.7,4.57,78,6.96,7.66,14.35,70.15,8.34,2.9,20,Violencia Familiar
Villa María del Triunfo,10.84,31.96,72.49,4.3,2,0.58,9.98,23.07,80.47,13.37,8.71,15,Violencia Familiar
Independencia,17.9,13.07,44.69,4.05,59,5.86,1.8,22.58,33.2,3.16,5.92,20,Hurto
Los Olivos,16.65,37.36,54.72,3.27,91,7.81,1.92,3.4,81.15,2.44,3.22,10,Asalto
Comas,3.96,6.18,50.7,4.94,38,3.76,5.35,26.54,83.87,6.05,5.16,6,Hurto
Villa El Salvador,15.23,8.77,78.03,1.79,26,5.4,1.29,16.74,47.7,4.43,8.57,16,Hurto
San Juan de Lurigancho,9.92,14.29,72.09,1.39,75,1.57,6.71,23.11,27.73,9.89,1.64,2,Microcomercializacion Drogas
Villa María del Triunfo,17.18,5.33,52.78,3.27,31,4.02,9.49,23.76,39.98,17.04,4.89,1,Asalto
San Martín de Porres,9.02,31.47,99.97,1.68,85,7.26,2.3,2.03,70.07,4.25,1.94,13,Robo
Ate,3.24,29.05,73.76,1.11,13,3.19,4.49,19.53,30.25,4.59,8.73,9,Asalto
Villa El Salvador,8.18,44.61,44.55,3.48,35,7.36,4.87,24.77,86.82,18.59,9.18,12,Hurto
Villa María del Triunfo,15.33,9.84,50.12,1.92,79,6.46,3.96,4.18,46.15,14.09,7.04,9,Robo
Los Olivos,4.81,8.29,40.16,2.45,52,3.63,5.01,3.22,44.39,4.4,6.82,4,Pandillaje
Villa María del Triunfo,10.27,43.24,52.88,2.82,81,9.51,9.8,17.27,86.5,4.41,1.23,0,Hurto
Villa El Salvador,4.05,43.34,48.52,1.87,80,6.24,1.89,15.14,70.42,11.06,4.56,9,Asalto
San Martín de Porres,17.15,16.38,61.8,2.59,43,0.94,9.89,28.57,25.48,18.73,4.27,2,Hurto
San Juan de Lurigancho,10.49,30.37,86.47,0.65,66,0.69,2.1,10.13,75.06,4.03,1.4,4,Robo
Villa María del Triunfo,10.67,38.08,45.88,3.67,90,7.33,6.37,20.07,77.87,3.03,5.54,4,Microcomercializacion Drogas
Cercado de Lima,17.16,7.89,81.44,2.9,61,7.1,0.11,14.3,79.03,10.3,3.8,0,Robo
Comas,6.51,32.49,61.15,3.71,46,7.43,0.51,8.19,39.2,11.4,2.3,20,Robo
Cercado de Lima,16.67,12.23,64.39,2.1,39,6.6,4.46,8.29,70.88,14.45,2.38,20,Hurto
Independencia,6.18,41.38,71.2,4.05,33,4.9,3.58,25.18,21.58,5.63,2.37,7,Violencia Familiar
Independencia,9.87,22.98,98.32,4.33,61,2.9,1.65,27.8,49.62,6.3,5.24,12,Asalto
Los Olivos,16.65,22.09,54.01,4.98,18,8.43,6.88,10.26,83.94,6.24,8.21,5,Robo
Los Olivos,16.65,36.67,51.59,3.51,65,1.32,3.76,20.82,74.77,11.08,6.31,20,Asalto
San Juan de Lurigancho,5.75,14.97,53.49,2.84,89,3.73,9.02,27.69,85.15,6.14,4.6,3,Asalto
Callao,13.2,9.72,43.38,2.35,32,7.06,7.83,14.75,68.87,8.37,2.44,20,Violencia Familiar
Comas,19.12,7.75,70.44,1.98,22,7.22,0.75,27.6,21.45,19.28,5.16,13,Hurto
San Juan de Lurigancho,17.2,43.69,66.32,2.27,49,7.67,2.07,27.21,56.61,3.18,4.61,14,Pandillaje
Villa El Salvador,11.61,31.88,94.7,2.76,79,0.03,4.51,11.87,58.84,4.57,8.74,5,Hurto
Cercado de Lima,11.17,24.95,52.91,1.72,99,6.29,7.93,5.71,56.3,15.8,3.35,4,Homicidio
Independencia,12.43,28.01,47.85,2.56,74,7.48,4.7,23.92,72.24,12.49,7.18,4,Violencia Familiar
Los Olivos,13.84,5.37,41.98,4.33,88,8.32,6.59,11.78,66.92,13.21,9.38,11,Asalto
Ate,8.81,36.18,74.51,4.93,82,2.43,9.92,7.53,60.29,18.58,2.32,11,Pandillaje
Comas,9.04,37.82,42.68,3.9,38,1.8,7.66,11.49,32.29,9.01,8.14,17,Asalto
San Martín de Porres,3.59,21.41,46.39,4.58,8,6.96,9.38,17.19,73.79,2.69,2.9,0,Robo
Callao,15.97,28.38,42.29,2.7,83,5.73,9.26,20.07,49.03,18.68,8.06,23,Robo
Callao,12.52,36.59,84.33,3.31,67,0.16,2.6,20.52,22.24,2.58,3.64,4,Violencia Familiar
Callao,10.83,19.58,61.18,3.36,73,8.63,4.75,29.84,88.6,17.76,6.17,15,Violencia Familiar
Comas,9.96,40.82,49.75,4.98,99,0.15,8.9,8.86,71.08,16.41,8.73,13,Hurto
Villa El Salvador,14.57,36.6,88.91,0.88,54,5.91,5.04,20.09,88.1,2.06,6.17,14,Homicidio
Villa El Salvador,4.33,27.42,59.92,1.2,32,5.6,6.66,29.39,70.99,13.23,4.02,6,Homicidio
Independencia,16.06,13.21,82.73,3.11,85,5.99,0.89,3.63,46.06,14.69,5.99,16,Pandillaje
Villa María del Triunfo,9.21,42.45,43.29,3.53,89,2.79,1.8,17.47,35.08,4.81,9.91,17,Violencia Familiar
Cercado de Lima,12.75,13.81,91.73,3.84,8,3.73,1.49,17.63,84.21,8.44,8.6,21,Violencia Familiar
Ate,9.29,5.73,47.66,3.89,29,4.51,9.38,5.43,34.84,1.56,4.91,12,Homicidio
Independencia,11.87,30.48,54.06,3.11,97,10.0,8.35,27.02,77.63,2.96,3.05,22,Homicidio
San Martín de Porres,4.85,23.91,80.63,4.44,44,6.77,1.99,4.23,78.59,2.5,1.82,23,Hurto
Villa María del Triunfo,18.53,23.81,74.15,4.68,50,3.87,2.51,6.65,44.46,15.09,7.81,4,Pandillaje
Los Olivos,13.0,27.83,69.06,2.97,37,3.62,7.38,18.79,32.43,6.77,4.03,9,Homicidio
Comas,18.85,35.0,90.58,2.62,33,8.3,9.51,19.76,44.77,12.46,3.81,6,Homicidio
Villa María del Triunfo,12.49,17.99,57.6,0.65,45,0.8,5.83,28.54,53.96,18.22,8.52,13,Homicidio
Comas,10.4,15.01,81.22,3.84,36,9.14,7.51,28.13,42.2,18.85,4.32,3,Microcomercializacion Drogas
Villa María del Triunfo,15.39,42.11,59.96,2.76,10,4.17,5.6,14.02,87.62,12.48,7.74,6,Homicidio
Independencia,3.21,6.37,82.14,1.76,75,6.54,6.72,2.15,88.94,17.68,9.06,0,Homicidio
Los Olivos,18.19,16.66,73.76,0.95,60,9.93,0.12,10.39,63.62,9.92,2.05,2,Robo
Los Olivos,19.75,37.4,67.61,4.57,19,5.25,4.77,14.53,74.26,11.01,3.85,17,Robo
Villa El Salvador,13.35,33.11,67.17,1.59,83,7.52,5.04,27.03,85.54,16.34,6.72,13,Hurto
Los Olivos,7.66,13.11,66.53,0.76,96,9.09,0.21,11.74,70.33,15.57,4.75,5,Pandillaje
Comas,4.07,9.31,79.02,1.91,31,3.72,8.47,25.18,46.8,12.19,7.49,16,Violencia Familiar
Comas,19.53,29.7,98.88,2.02,53,4.83,3.41,17.16,67.26,13.03,5.16,12,Robo
San Martín de Porres,3.41,30.0,55.15,3.51,69,9.16,9.58,2.29,89.33,13.98,6.79,10,Robo
Independencia,17.23,5.62,78.76,2.46,81,2.32,6.24,14.89,22.76,1.27,2.07,19,Pandillaje
Independencia,8.23,16.52,94.9,4.41,12,6.25,7.8,23.95,56.35,17.3,4.52,17,Hurto
Villa El Salvador,7.76,7.12,87.73,2.38,15,4.34,1.31,14.75,76.73,16.73,4.7,21,Homicidio
San Juan de Lurigancho,10.11,18.78,69.89,2.56,65,0.21,2.27,15.32,49.71,17.35,5.88,6,Asalto
Independencia,10.47,22.85,64.66,2.92,16,3.76,6.4,15.85,79.44,17.62,2.54,8,Hurto
Villa El Salvador,8.12,5.74,93.32,1.52,42,7.44,9.86,20.68,37.14,14.61,6.38,7,Violencia Familiar
Cercado de Lima,10.27,43.48,83.37,3.4,87,4.78,5.05,25.83,67.66,18.05,9.02,22,Pandillaje
Villa El Salvador,5.83,33.22,57.49,1.77,92,2.6,0.18,17.28,69.48,16.02,2.74,11,Hurto
Villa El Salvador,8.62,39.42,68.43,4.1,44,0.84,3.47,13.73,21.18,7.93,3.46,11,Hurto
Los Olivos,7.53,43.68,49.6,4.04,12,8.39,9.31,11.03,84.83,16.07,9.3,8,Robo
Independencia,18.21,12.37,52.78,1.72,12,6.8,6.69,28.39,77.62,1.8,5.24,8,Robo
Cercado de Lima,16.24,33.76,69.81,0.69,90,6.24,8.3,12.09,50.13,8.78,4.37,16,Pandillaje
Callao,4.85,9.32,65.67,0.94,29,6.68,0.59,20.41,81.82,11.96,4.19,20,Homicidio
Ate,12.25,11.17,55.06,3.82,10,8.21,1.28,29.94,38.1,14.76,9.17,11,Robo
Cercado de Lima,10.1,16.9,94.76,1.37,52,7.09,5.32,15.38,35.64,14.41,2.72,21,Microcomercializacion Drogas
San Juan de Lurigancho,16.37,43.96,43.58,4.16,78,5.51,2.9,19.18,44.77,7.34,1.34,11,Pandillaje
Comas,19.97,36.22,57.21,2.31,57,5.66,1.42,21.73,83.36,9.26,5.39,7,Asalto
Comas,12.03,13.05,57.08,3.94,24,4.36,0.72,24.01,46.39,2.91,6.7,23,Robo
Los Olivos,17.75,5.09,62.81,4.18,77,3.38,8.08,5.49,87.94,11.54,2.65,11,Homicidio
Los Olivos,6.03,25.52,88.84,4.0,16,8.55,6.58,14.16,44.25,1.37,8.43,20,Homicidio
San Martín de Porres,18.07,26.67,78.78,2.95,97,7.46,5.05,20.14,55.18,10.34,2.55,11,Violencia Familiar
Los Olivos,6.33,43.92,49.19,1.71,85,0.42,1.77,26.22,59.4,19.06,1.65,3,Homicidio
Ate,12.42,20.31,49.44,3.39,5,1.87,4.48,18.83,42.92,15.84,8.56,19,Pandillaje
San Martín de Porres,4.76,38.51,49.17,0.87,24,6.7,9.9,20.48,71.34,8.38,4.9,3,Hurto
Cercado de Lima,15.91,39.12,98.37,1.7,26,2.55,6.14,28.46,23.38,1.02,6.4,18,Microcomercializacion Drogas
Callao,8.56,16.59,56.17,1.15,40,1.68,4.25,14.91,21.43,1.32,5.68,2,Asalto
Independencia,9.13,36.94,71.44,3.07,46,8.41,6.83,7.83,52.32,18.3,3.94,18,Asalto
Ate,15.49,34.91,55.14,2.37,68,0.49,8.49,2.28,85.6,12.92,3.9,9,Robo
San Juan de Lurigancho,7.0,10.51,76.73,1.25,97,5.9,2.98,2.98,22.61,1.5,7.65,22,Robo
Callao,10.34,23.12,70.77,3.71,55,2.53,8.08,6.68,68.89,15.82,3.97,4,Pandillaje
Villa María del Triunfo,15.58,33.24,72.05,3.56,37,0.9,1.27,25.15,80.53,9.46,7.43,20,Robo
Villa María del Triunfo,17.51,20.93,58.14,4.08,20,3.31,0.9,17.75,53.53,2.99,6.51,19,Robo
Callao,18.39,21.38,97.18,4.39,82,1.59,4.35,13.25,60.3,12.08,7.75,11,Hurto
Comas,3.34,27.8,60.07,0.54,94,0.91,2.31,3.3,69.36,17.16,4.91,21,Asalto
Comas,8.84,23.39,51.52,1.51,55,9.01,9.76,27.25,28.92,16.65,4.69,6,Homicidio
Comas,12.42,26.19,59.3,0.84,37,2.25,8.78,15.49,59.42,12.28,6.76,8,Microcomercializacion Drogas
Villa María del Triunfo,12.31,29.38,45.46,2.63,44,2.11,9.49,11.4,42.77,18.54,4.76,13,Robo
San Martín de Porres,12.12,35.08,48.4,2.07,91,5.11,9.29,26.48,29.42,4.28,4.22,6,Robo
Independencia,18.35,43.49,79.22,4.27,85,0.56,4.89,18.22,63.21,8.7,3.74,1,Hurto
Callao,10.55,35.2,85.05,1.69,64,4.2,4.85,9.18,57.0,6.53,7.19,11,Microcomercializacion Drogas
Comas,19.72,20.7,61.74,1.93,6,4.97,6.0,7.06,57.87,6.22,7.58,13,Asalto
Cercado de Lima,15.41,25.5,82.73,2.4,70,0.03,2.45,21.73,26.94,18.27,2.94,16,Robo
Independencia,16.12,40.0,76.85,1.35,6,5.98,0.15,11.88,30.01,18.57,1.94,1,Hurto
San Juan de Lurigancho,17.39,17.34,99.51,0.67,1,9.55,1.93,26.72,76.66,19.39,5.3,13,Asalto
Cercado de Lima,3.38,6.99,55.82,0.79,61,5.89,6.26,17.07,66.35,3.21,6.0,8,Homicidio
Comas,18.26,14.7,61.19,4.78,3,0.11,2.42,21.01,36.18,10.67,8.99,23,Asalto
Independencia,11.92,44.24,73.17,0.61,97,7.57,6.11,12.2,34.7,15.75,5.38,18,Asalto
Ate,3.76,35.08,44.75,3.45,69,8.77,8.68,14.63,21.08,9.1,6.46,9,Pandillaje
San Juan de Lurigancho,15.79,6.22,57.0,2.74,84,7.1,0.48,13.42,69.35,5.31,8.16,6,Violencia Familiar
Villa El Salvador,9.01,24.3,75.84,2.63,4,4.34,2.02,7.99,20.41,6.72,7.74,12,Hurto
Comas,11.54,41.68,82.41,3.75,41,6.33,2.32,27.13,80.4,10.67,4.9,4,Violencia Familiar
San Juan de Lurigancho,5.95,18.64,64.51,2.07,45,6.99,6.45,13.5,56.8,19.0,6.36,22,Robo
Los Olivos,9.33,36.06,75.76,3.4,24,1.18,8.33,21.76,60.41,17.9,7.3,7,Pandillaje
Cercado de Lima,11.4,7.21,97.28,1.08,79,6.55,5.07,11.6,32.9,3.02,9.72,20,Robo
Villa El Salvador,7.34,25.27,97.98,3.09,13,3.98,7.72,3.08,48.12,16.18,5.7,4,Robo
Ate,5.25,32.08,80.5,4.91,30,5.01,3.75,19.52,75.55,6.33,6.01,16,Pandillaje
Ate,16.84,29.24,96.97,2.03,88,6.73,4.32,24.87,33.74,4.9,6.81,23,Hurto
Cercado de Lima,15.36,44.97,99.42,3.85,68,3.04,4.5,17.23,27.02,18.71,4.37,2,Hurto
Ate,11.73,32.78,43.33,1.78,65,7.32,2.57,6.91,68.35,17.01,5.33,11,Robo
San Juan de Lurigancho,11.41,10.28,97.35,4.1,78,5.89,7.9,20.37,62.61,8.82,5.26,7,Homicidio
San Martín de Porres,3.1,31.05,52.15,4.51,81,6.2,5.36,3.69,25.7,13.22,5.19,1,Violencia Familiar
Comas,3.17,24.24,64.87,0.98,22,4.2,5.77,26.44,80.45,8.06,2.88,6,Robo
Villa María del Triunfo,6.37,6.03,41.22,3.3,8,3.11,3.2,11.51,67.61,2.1,9.36,14,Homicidio
Callao,6.18,6.3,96.75,4.67,68,7.02,5.57,25.88,42.05,10.95,5.37,10,Homicidio
Cercado de Lima,18.52,8.7,83.3,1.13,80,9.47,2.47,20.71,71.81,9.51,9.44,19,Hurto
Cercado de Lima,7.3,35.35,73.67,1.85,93,6.9,9.06,5.66,60.0,5.82,8.21,18,Violencia Familiar
Callao,5.97,28.86,90.14,3.9,14,5.18,8.91,18.47,84.23,11.38,5.55,10,Homicidio
San Martín de Porres,17.91,32.04,61.42,2.81,92,8.77,3.95,15.06,80.25,10.91,2.74,9,Robo
San Martín de Porres,14.95,6.68,94.41,2.68,84,0.34,8.42,15.05,26.54,14.43,5.4,0,Robo
Cercado de Lima,15.38,36.95,96.71,3.24,43,9.24,7.75,18.08,68.69,18.56,7.41,1,Asalto
Callao,3.68,20.46,64.38,1.25,17,7.49,5.39,26.24,29.25,12.31,5.04,0,Homicidio
Villa El Salvador,9.33,9.33,55.1,1.72,21,0.49,6.51,8.2,25.73,6.72,3.02,16,Hurto
Ate,19.42,43.54,66.62,4.08,33,4.08,2.74,5.68,77.34,19.93,3.97,13,Hurto
San Martín de Porres,10.48,23.81,86.17,0.97,22,6.47,9.53,24.25,22.8,7.31,5.23,18,Homicidio
Independencia,3.19,7.39,99.57,0.82,23,7.67,3.62,22.56,27.29,16.0,5.79,9,Homicidio
Cercado de Lima,17.63,43.12,65.41,1.28,23,9.28,5.29,23.11,50.75,15.18,2.84,18,Violencia Familiar
Los Olivos,3.31,33.9,90.13,2.3,57,5.08,4.11,26.25,71.97,19.03,9.46,19,Violencia Familiar
Cercado de Lima,18.3,32.53,99.16,3.95,22,1.16,2.04,4.36,63.4,3.8,2.44,18,Pandillaje
San Martín de Porres,16.81,11.48,84.37,2.45,18,8.32,3.1,28.41,32.57,13.59,7.05,15,Violencia Familiar
Los Olivos,15.95,18.16,72.04,0.78,84,0.65,6.26,13.67,63.57,5.0,4.05,13,Homicidio
Ate,9.33,16.2,56.42,1.29,77,7.24,9.05,24.28,60.87,13.75,9.91,14,Violencia Familiar
Cercado de Lima,7.82,30.6,76.46,1.19,47,0.63,6.23,7.28,59.83,15.05,8.05,23,Homicidio
Ate,13.56,37.78,85.68,4.95,68,9.15,7.77,8.39,21.74,8.29,2.27,19,Robo
San Martín de Porres,3.75,38.46,54.92,2.45,20,4.27,9.32,10.01,49.9,2.94,5.44,7,Hurto
Cercado de Lima,14.94,42.71,56.02,2.48,9,2.98,6.58,25.37,59.09,1.59,5.15,10,Asalto
Los Olivos,3.33,25.08,75.3,2.05,91,1.87,7.73,15.28,44.58,7.86,8.67,16,Homicidio
Callao,18.25,41.07,59.71,4.79,0,3.66,8.29,13.2,22.38,16.6,5.91,22,Hurto
Ate,18.21,31.97,52.27,4.7,29,5.33,7.59,23.37,66.5,5.67,8.8,22,Robo
Los Olivos,16.01,7.77,48.84,3.62,95,0.08,8.8,7.59,86.31,7.5,4.96,21,Hurto
Villa El Salvador,8.4,27.15,83.84,0.69,63,3.07,8.34,10.65,48.71,7.61,2.05,3,Violencia Familiar
Comas,13.97,16.29,57.74,4.75,91,7.08,0.68,5.03,55.62,9.83,9.56,7,Pandillaje
Los Olivos,13.24,23.2,61.37,4.76,65,8.61,0.13,21.17,21.34,14.43,6.72,2,Pandillaje
Villa María del Triunfo,17.18,10.61,93.19,3.78,16,5.03,4.63,6.41,61.32,15.12,9.25,9,Robo
Villa María del Triunfo,15.22,37.03,69.61,1.02,11,1.45,1.77,26.15,47.49,1.08,3.46,18,Violencia Familiar
San Martín de Porres,4.88,41.88,85.07,3.15,81,0.17,1.92,23.07,85.6,2.66,6.02,0,Hurto
Cercado de Lima,6.72,28.11,43.91,2.45,91,9.18,4.5,22.84,52.69,5.33,2.79,1,Hurto
Cercado de Lima,13.29,32.55,56.94,2.67,99,5.98,4.36,29.46,44.94,12.66,3.8,12,Violencia Familiar
Villa María del Triunfo,13.78,10.07,83.98,1.71,39,1.47,4.53,26.67,49.48,16.95,6.31,4,Violencia Familiar
Callao,11.6,20.95,47.18,2.38,23,8.23,6.75,4.46,67.82,12.03,6.35,11,Asalto
Villa El Salvador,7.42,42.68,71.81,4.24,39,1.0,6.74,2.22,53.27,4.66,6.65,22,Robo
San Juan de Lurigancho,16.9,25.31,69.75,4.69,19,9.01,0.99,5.28,40.95,19.24,6.7,23,Pandillaje
San Martín de Porres,10.05,5.71,91.71,1.28,31,2.78,5.22,14.06,65.37,7.92,3.07,11,Homicidio
San Juan de Lurigancho,7.04,8.25,77.63,2.01,94,0.32,1.33,21.22,34.87,17.29,1.53,2,Hurto
Callao,10.36,33.12,50.96,3.24,70,7.84,5.75,5.22,49.25,6.0,1.64,23,Robo
Los Olivos,14.49,14.99,74.42,4.74,52,6.89,9.68,24.37,29.56,7.61,9.69,18,Violencia Familiar
Villa María del Triunfo,19.99,17.33,93.07,3.54,35,8.8,3.55,5.06,86.43,10.28,5.53,22,Robo
Comas,18.83,19.46,63.82,1.28,66,3.76,1.41,21.86,79.82,14.03,1.16,15,Pandillaje
Comas,12.7,35.26,46.63,4.27,14,9.64,2.0,4.67,28.36,15.88,4.15,18,Pandillaje
Ate,13.97,26.87,84.62,2.03,24,1.22,8.1,15.48,51.54,9.05,5.58,18,Robo
Cercado de Lima,19.2,12.21,83.45,4.16,13,7.61,5.25,8.24,43.64,10.32,3.85,20,Asalto
Los Olivos,5.09,8.39,42.79,1.0,41,0.04,4.95,4.81,72.81,6.25,4.99,23,Asalto
Los Olivos,18.37,10.11,96.88,3.07,13,4.96,5.02,2.65,44.88,15.06,5.59,19,Hurto
Ate,11.93,26.13,97.69,1.94,14,2.94,8.73,24.32,56.05,3.48,2.94,22,Homicidio
Independencia,8.41,7.19,82.2,4.51,72,3.51,1.67,2.94,47.0,18.17,3.15,4,Pandillaje
Los Olivos,6.7,42.15,58.42,2.29,95,1.4,5.52,9.67,24.56,1.95,2.04,12,Hurto
Comas,11.25,18.72,65.1,4.68,79,7.16,8.85,10.95,46.68,12.66,6.61,12,Microcomercializacion Drogas
San Juan de Lurigancho,19.77,37.84,66.1,3.77,87,0.24,3.83,16.74,67.49,6.44,3.27,18,Asalto
Comas,15.96,22.17,43.26,1.26,26,3.72,2.99,26.03,89.9,12.96,8.16,12,Robo
Villa María del Triunfo,12.76,38.32,81.29,0.6,48,8.84,7.48,29.78,47.78,8.9,2.55,16,Violencia Familiar
Independencia,6.71,11.57,54.21,2.76,83,2.82,8.13,5.32,72.93,2.86,5.02,4,Pandillaje
Independencia,18.78,15.45,60.09,2.59,19,1.8,9.7,17.45,52.77,19.7,6.01,22,Robo
Comas,9.5,28.78,44.19,1.65,33,8.56,1.17,21.31,48.62,4.92,4.62,22,Robo
Villa El Salvador,7.3,17.46,47.26,4.39,66,0.6,0.19,29.27,33.54,16.62,6.06,0,Robo
Comas,11.44,21.29,81.93,4.57,18,7.09,6.23,20.04,69.98,6.56,3.9,18,Violencia Familiar
Villa María del Triunfo,19.74,37.56,49.88,0.53,49,0.61,8.87,22.03,22.57,9.16,7.79,0,Hurto
San Juan de Lurigancho,17.75,18.31,45.08,4.75,67,6.94,1.12,17.83,37.41,9.2,6.71,16,Pandillaje
San Juan de Lurigancho,11.74,36.94,97.87,1.18,82,9.87,3.06,5.57,58.19,17.3,7.1,12,Asalto
Ate,14.97,33.49,45.68,3.79,19,5.79,4.3,19.96,77.27,1.11,9.93,6,Violencia Familiar
San Juan de Lurigancho,17.82,14.0,68.61,1.1,67,7.8,2.91,9.78,66.71,18.02,6.2,18,Robo
Independencia,3.51,9.21,97.93,4.73,43,1.62,2.41,16.44,59.88,5.21,7.81,3,Robo
Ate,14.16,22.45,87.39,4.18,36,1.31,2.42,8.81,81.42,4.78,8.08,9,Homicidio
Cercado de Lima,12.06,9.0,75.32,4.0,17,2.61,0.98,19.25,50.43,9.1,5.74,7,Violencia Familiar
Los Olivos,19.49,41.99,96.12,2.14,31,9.54,9.02,24.13,48.51,11.72,8.14,23,Violencia Familiar
San Juan de Lurigancho,3.25,37.36,96.31,4.05,23,6.02,7.86,22.34,69.1,14.61,5.09,16,Asalto
Independencia,3.57,14.64,49.27,4.49,80,1.38,1.2,21.6,20.43,9.95,2.07,8,Robo
San Juan de Lurigancho,19.3,22.68,78.67,3.2,87,0.56,1.24,15.98,43.59,6.62,1.6,3,Asalto
San Martín de Porres,5.07,7.6,98.49,3.57,43,4.02,9.57,29.88,71.13,5.32,1.92,13,Homicidio
Villa El Salvador,15.27,40.36,76.95,1.09,58,8.74,9.98,8.85,78.96,16.64,3.08,3,Robo
Cercado de Lima,10.66,17.94,91.4,3.17,17,6.9,5.66,4.17,31.38,8.37,2.67,3,Asalto
Cercado de Lima,11.23,8.63,47.74,1.58,51,3.7,1.73,4.75,42.91,3.59,2.41,15,Robo
Los Olivos,17.35,38.8,59.75,0.9,28,5.11,9.14,29.1,79.3,6.89,2.77,20,Asalto
Independencia,7.38,35.07,45.7,1.94,62,3.73,8.42,14.07,48.09,1.54,7.26,20,Hurto
San Martín de Porres,3.06,26.29,46.43,2.26,27,9.68,7.24,13.53,21.34,1.65,7.16,14,Homicidio
Villa María del Triunfo,19.62,5.19,92.42,1.88,29,0.71,5.41,26.99,67.6,14.68,1.76,7,Homicidio
Cercado de Lima,17.79,22.96,98.75,4.82,21,8.21,2.25,26.48,38.44,4.9,3.38,12,Robo
Villa María del Triunfo,9.8,28.08,91.3,4.88,74,5.1,6.68,2.74,46.37,14.22,3.27,0,Hurto
San Juan de Lurigancho,19.29,13.67,42.93,1.82,11,8.51,5.57,7.79,63.65,7.8,8.6,10,Robo
Ate,19.89,32.15,53.91,0.99,39,3.3,6.5,23.2,72.47,10.69,8.3,0,Hurto
Villa María del Triunfo,12.77,13.5,52.5,1.06,50,0.32,6.74,13.24,59.31,13.1,9.75,12,Asalto
Los Olivos,7.18,24.07,95.23,3.76,61,5.48,0.24,23.4,60.66,12.89,1.47,17,Hurto
Los Olivos,7.91,30.1,73.97,3.25,45,7.45,6.34,23.63,42.73,15.07,8.76,4,Robo
Cercado de Lima,18.3,6.99,61.01,1.03,17,9.79,7.97,10.45,79.33,15.42,3.67,20,Homicidio
Ate,16.15,42.3,82.43,4.53,49,0.77,4.73,24.46,75.23,15.44,4.14,5,Microcomercializacion Drogas
San Juan de Lurigancho,19.56,18.1,95.39,1.71,82,6.7,4.64,19.17,39.08,6.21,2.02,5,Hurto
Cercado de Lima,16.68,29.62,46.05,3.14,11,6.7,1.75,15.27,65.39,1.54,1.13,16,Violencia Familiar
Villa María del Triunfo,10.3,24.5,48.28,3.53,26,2.15,3.24,16.54,74.79,16.93,6.25,17,Violencia Familiar
Los Olivos,7.19,37.12,76.72,2.2,4,4.47,2.77,4.92,25.26,7.6,6.53,8,Asalto
Los Olivos,9.66,25.54,88.58,2.99,84,8.9,5.5,13.58,25.09,14.57,7.33,0,Microcomercializacion Drogas
Callao,10.37,28.73,54.0,4.74,76,3.11,4.5,24.56,31.31,6.56,7.12,7,Violencia Familiar
Villa El Salvador,15.97,7.73,40.76,4.54,1,8.94,7.76,22.11,38.53,12.81,5.69,23,Pandillaje
Comas,3.08,32.11,72.99,1.99,78,0.73,1.96,15.59,74.93,10.22,4.02,16,Hurto
Callao,7.61,29.6,98.63,1.0,53,0.68,0.33,18.94,63.34,11.06,7.86,3,Robo
Ate,4.62,31.96,48.0,4.46,55,0.33,1.05,7.86,87.91,13.69,8.01,6,Hurto
San Juan de Lurigancho,13.13,17.58,73.67,2.9,43,9.9,6.33,8.78,50.57,15.07,5.02,0,Robo
Comas,16.45,30.93,74.19,1.25,8,9.3,7.07,11.23,47.35,15.08,6.41,10,Homicidio
Los Olivos,6.67,34.15,78.74,4.94,3,5.98,7.8,11.49,46.58,17.87,4.64,20,Homicidio
Cercado de Lima,7.36,40.65,69.46,3.2,18,9.54,2.06,10.73,41.55,6.49,5.22,11,Hurto
Ate,8.58,21.91,80.17,0.58,21,6.8,3.51,10.79,67.89,5.1,4.78,9,Robo
Comas,10.34,43.77,48.42,3.14,95,0.68,2.73,18.19,69.04,13.44,1.44,0,Homicidio
Comas,4.55,12.13,81.31,4.24,97,7.93,1.5,20.47,42.65,7.48,6.96,17,Homicidio
Villa El Salvador,4.09,12.76,79.37,4.35,53,5.47,9.55,15.91,47.55,10.18,8.11,7,Microcomercializacion Drogas
Callao,7.28,18.06,44.67,2.74,97,8.31,3.55,9.88,78.86,1.95,4.57,20,Violencia Familiar
Callao,15.77,7.56,82.88,2.87,79,0.15,7.48,4.56,38.18,11.48,5.07,0,Microcomercializacion Drogas
Ate,19.29,15.43,80.96,4.73,24,7.38,1.28,12.69,60.98,15.0,1.03,13,Hurto
San Juan de Lurigancho,11.98,21.45,56.13,4.99,18,0.44,2.17,29.19,88.55,13.44,8.92,3,Violencia Familiar
Comas,6.04,5.05,91.19,3.72,17,3.67,9.78,14.16,30.53,9.85,7.11,0,Violencia Familiar
San Juan de Lurigancho,11.8,39.35,79.11,1.35,20,8.87,5.62,9.06,86.84,10.18,3.99,17,Hurto
Villa El Salvador,17.16,29.58,94.79,1.54,15,1.55,5.77,25.14,22.98,8.98,5.15,3,Pandillaje
Villa María del Triunfo,12.65,36.65,73.59,2.11,96,4.69,4.25,10.09,32.06,15.48,9.91,21,Pandillaje
San Martín de Porres,7.16,13.71,48.2,2.98,83,4.54,2.12,7.65,80.14,13.88,5.91,0,Hurto
Villa María del Triunfo,7.63,8.53,89.81,4.34,79,0.16,4.58,2.71,59.92,10.63,8.56,4,Asalto
Independencia,6.52,18.44,48.05,0.83,49,2.99,6.27,25.0,55.83,14.64,3.8,11,Hurto
Comas,9.39,44.3,79.92,4.8,44,0.8,4.03,12.47,38.93,6.64,4.24,10,Hurto
Villa El Salvador,4.21,39.9,78.0,4.51,60,8.42,6.48,13.31,21.13,12.24,1.11,20,Violencia Familiar
San Martín de Porres,8.62,43.19,59.98,3.04,29,1.49,5.8,20.53,70.48,5.85,1.8,22,Violencia Familiar
Villa María del Triunfo,19.08,13.71,55.4,0.95,92,3.06,4.7,2.55,71.35,8.94,5.73,19,Asalto
Villa María del Triunfo,13.79,28.25,87.11,1.82,82,7.79,2.49,20.99,83.15,8.33,8.01,21,Robo
Villa María del Triunfo,5.21,43.69,88.68,0.99,18,5.04,1.62,12.34,26.91,11.87,1.86,18,Pandillaje
Callao,9.48,38.68,94.41,0.82,68,2.09,7.65,28.54,70.18,17.75,6.75,17,Robo
Callao,7.68,23.95,86.52,4.11,32,2.77,4.76,15.18,47.19,16.59,5.06,16,Violencia Familiar
Ate,17.73,40.62,56.2,0.66,7,7.38,7.06,29.62,56.54,16.7,6.19,23,Violencia Familiar
Villa María del Triunfo,17.61,42.63,52.1,1.89,72,4.79,5.99,4.21,40.08,7.12,6.07,19,Hurto
Villa El Salvador,6.66,33.88,88.64,2.35,40,5.68,9.77,9.64,31.09,1.99,3.17,20,Robo
Comas,7.16,39.21,74.98,0.81,52,4.55,2.91,8.54,71.52,1.15,5.85,19,Hurto
Los Olivos,13.26,31.76,79.3,2.51,83,1.07,8.62,6.46,53.87,5.15,6.43,5,Hurto
Ate,8.73,35.13,57.66,3.93,20,1.67,2.23,5.59,50.83,17.87,3.27,16,Microcomercializacion Drogas
Villa María del Triunfo,15.78,13.56,82.99,1.52,8,7.22,6.15,6.22,78.52,18.78,2.23,15,Hurto
Independencia,3.78,13.08,87.52,3.84,2,7.97,4.57,11.19,31.08,4.18,6.96,9,Homicidio
Los Olivos,3.96,26.0,45.0,4.27,60,0.85,9.04,27.4,68.88,18.6,8.3,17,Hurto
Cercado de Lima,8.2,13.71,59.63,3.33,97,9.64,9.31,17.96,71.39,19.07,1.75,23,Robo
San Juan de Lurigancho,6.17,40.79,54.91,0.91,45,3.22,0.19,5.1,76.83,16.76,8.22,4,Asalto
San Juan de Lurigancho,14.41,31.79,80.04,2.81,0,1.51,6.21,13.76,62.93,15.47,5.91,11,Hurto
San Martín de Porres,8.08,19.37,83.06,3.25,28,8.21,3.43,7.42,33.89,14.92,6.53,22,Asalto
Cercado de Lima,5.05,30.11,40.01,0.58,0,7.99,0.36,29.55,51.84,7.83,3.63,16,Robo
Villa María del Triunfo,19.24,21.55,97.15,4.21,42,3.82,3.75,8.84,50.15,9.99,7.7,23,Robo
Independencia,18.24,9.35,68.37,3.88,44,5.92,2.98,3.55,20.18,2.92,8.13,14,Hurto
Villa María del Triunfo,11.72,10.87,73.06,1.15,83,8.55,9.99,10.91,30.42,16.07,6.4,22,Homicidio
Los Olivos,9.35,21.7,58.04,3.45,66,6.88,9.6,14.84,56.61,5.56,9.03,3,Robo
Independencia,7.73,42.73,93.04,0.88,47,4.92,8.02,20.77,28.87,7.58,4.05,5,Microcomercializacion Drogas
San Juan de Lurigancho,6.7,18.37,97.59,2.84,90,5.21,7.79,11.52,32.51,12.11,6.99,13,Robo
Callao,9.31,8.01,97.5,2.46,64,9.07,6.25,10.48,40.73,10.53,8.8,14,Violencia Familiar
Comas,4.22,15.73,44.81,3.88,61,7.84,6.6,16.49,31.72,19.59,4.38,17,Violencia Familiar
San Juan de Lurigancho,17.86,40.49,40.66,4.49,86,8.61,1.47,27.44,39.84,18.09,8.12,7,Homicidio
Callao,12.76,16.7,64.14,3.94,89,5.0,3.88,19.17,23.92,10.62,8.84,21,Pandillaje
Villa El Salvador,18.97,22.14,61.5,2.48,83,1.25,3.25,17.82,81.7,16.03,5.98,21,Hurto
Villa El Salvador,3.96,11.8,57.12,1.77,46,7.97,6.82,7.78,27.73,16.76,7.26,12,Homicidio
Ate,3.53,9.75,58.71,2.5,6,7.07,9.73,27.01,43.97,19.97,1.03,7,Robo
Villa El Salvador,6.39,7.43,54.23,2.42,2,9.71,8.83,28.48,27.95,17.49,2.16,20,Homicidio
Villa María del Triunfo,5.73,30.31,43.15,1.82,30,1.84,5.11,4.61,84.46,7.54,9.17,19,Microcomercializacion Drogas
Callao,10.89,5.99,94.52,2.83,13,1.1,3.84,28.33,68.5,17.48,4.3,8,Homicidio
Comas,16.42,37.48,51.64,1.56,21,9.81,9.66,6.51,32.69,11.75,6.74,3,Hurto
Villa El Salvador,8.46,35.54,97.61,1.74,19,9.77,5.82,26.27,86.73,13.83,5.94,21,Asalto
Comas,6.41,12.44,55.29,1.87,0,4.76,2.99,11.05,38.23,15.3,4.29,17,Pandillaje
San Juan de Lurigancho,12.3,26.73,98.55,2.15,4,9.12,1.75,25.36,30.52,13.52,2.35,7,Homicidio
Villa María del Triunfo,5.39,19.85,82.3,2.23,35,5.77,4.18,6.64,30.78,14.44,9.77,20,Violencia Familiar
Villa María del Triunfo,12.53,41.59,80.47,2.32,87,9.44,1.01,9.61,88.54,6.14,7.23,7,Homicidio
